run_id,start_time,end_time,duration_sec,collect_result,collect_exit,ok_count,total_count,fail_count,trade_date,send_flag,send_result,send_exit,error
20260824_234159,2026-08-24 23:41:59,2026-08-25 00:09:50,1670,FAILED,1,9,10,1,2026-08-24,NA,SKIPPED,NA,실패 단계: 요약 (summarize.py)
20260901_070002,2026-09-01 07:00:02,2026-09-01 07:26:35,1592,FAILED,1,9,10,1,2026-09-01,1,SENT,0,실패 단계: 요약 (summarize.py)
20260901_210940,2026-09-01 21:09:40,2026-09-01 21:41:50,1930,OK,0,14,14,0,2026-09-01,1,SENT,0,
20260902_070002,2026-09-02 07:00:02,2026-09-02 07:13:22,799,OK,0,12,12,0,2026-09-02,1,SENT,0,
20260902_233512,2026-09-02 23:35:12,2026-09-03 01:11:26,5774,OK,0,14,14,0,2026-09-02,1,SENT,0,
20260904_070002,2026-09-04 07:00:02,2026-09-04 07:35:10,2108,OK,0,12,12,0,2026-09-04,1,SENT,0,
20260905_070003,2026-09-05 07:00:03,2026-09-05 07:16:52,1008,OK,0,12,12,0,2026-09-05,1,SENT,0,
20260906_070002,2026-09-06 07:00:02,2026-09-06 07:24:45,1483,OK,0,12,12,0,2026-09-06,1,SENT,0,
20260907_070002,2026-09-07 07:00:02,2026-09-07 07:45:43,2741,OK,0,12,12,0,2026-09-07,1,SENT,0,
20260908_024515,2026-09-08 02:45:15,2026-09-08 03:01:50,994,OK,0,12,12,0,2026-09-08,1,SENT,0,
20260915_222438,2026-09-15 22:24:38,2026-09-15 22:41:52,1034,OK,0,8,8,0,2026-09-15,1,SENT,0,
20260921_215048,2026-09-21 21:50:48,2026-09-21 21:52:54,126,OK,0,9,9,0,2026-09-21,NA,SKIPPED,NA,
20260921_220204,2026-09-21 22:02:04,2026-09-21 22:07:45,340,OK,0,10,10,0,2026-09-21,1,SENT,0,
20260921_230001,2026-09-21 23:00:01,2026-09-21 23:05:41,339,OK,0,10,10,0,2026-09-21,1,SENT,0,
20260922_070002,2026-09-22 07:00:02,2026-09-22 07:15:08,906,FAILED,1,10,11,1,2026-09-22,1,SENT,0,실패 단계: 수집 (download_reports.py)
20260922_230002,2026-09-22 23:00:02,2026-09-22 23:03:16,193,OK,0,10,10,0,2026-09-22,1,SENT,0,
20260923_070002,2026-09-23 07:00:02,2026-09-23 07:24:25,1463,FAILED,1,10,11,2,2026-09-23,NA,FAILED,1,"실패 단계: 수집 (download_reports.py), 전송 (git)"
20260923_230002,2026-09-23 23:00:02,2026-09-23 23:02:21,139,OK,0,9,9,1,2026-09-23,NA,FAILED,1,실패 단계: 전송 (git)
20260924_070001,2026-09-24 07:00:01,2026-09-24 07:15:49,947,FAILED,1,10,11,2,2026-09-24,NA,FAILED,1,"실패 단계: 수집 (download_reports.py), 전송 (git)"
20260924_230002,2026-09-24 23:00:02,2026-09-24 23:01:59,117,OK,0,9,9,1,2026-09-24,NA,FAILED,1,실패 단계: 전송 (git)
20260925_070002,2026-09-25 07:00:02,2026-09-25 07:15:02,900,FAILED,1,10,11,2,2026-09-25,NA,FAILED,1,"실패 단계: 수집 (download_reports.py), 전송 (git)"
20260925_230002,2026-09-25 23:00:02,2026-09-25 23:02:34,151,OK,0,9,9,1,2026-09-25,NA,FAILED,1,실패 단계: 전송 (git)
