run_id,step,start_time,end_time,duration_sec,result,exit_code
20260824_233910,수집 (haver-api_PCA/fetch_haver_to_excel.py),2026-08-24 23:39:10,2026-08-24 23:44:34,324,OK,0
20260824_234159,수집 (download_reports.py),2026-08-24 23:42:06,2026-08-24 23:57:56,949,OK,0
20260824_234159,요약 (summarize.py),2026-08-24 23:57:56,2026-08-24 23:57:57,0,FAILED,1
20260824_234159,데이터 (BeforeHTML_master.py),2026-08-24 23:57:57,2026-08-25 00:03:26,328,OK,0
20260824_234159,HTML (AfterHTML_master.py),2026-08-25 00:03:26,2026-08-25 00:08:00,273,OK,0
20260824_234159,JSON (build_pairbaskets_json.py),2026-08-25 00:08:00,2026-08-25 00:08:54,54,OK,0
20260824_234159,JSON (build_policy_json.py),2026-08-25 00:08:54,2026-08-25 00:08:55,1,OK,0
20260824_234159,JSON (build_consensus_json.py),2026-08-25 00:08:55,2026-08-25 00:09:47,52,OK,0
20260824_234159,JSON (build_pca_json.py),2026-08-25 00:09:47,2026-08-25 00:09:48,0,OK,0
20260824_234159,JSON (build_caimap_json.py),2026-08-25 00:09:48,2026-08-25 00:09:48,0,OK,0
20260824_234159,embeds (sync_embeds.py),2026-08-25 00:09:48,2026-08-25 00:09:50,2,OK,0
20260901_070002,수집 (download_reports.py),2026-09-01 07:00:09,2026-09-01 07:13:32,803,OK,0
20260901_070002,요약 (summarize.py),2026-09-01 07:13:32,2026-09-01 07:13:33,0,FAILED,1
20260901_070002,데이터 (BeforeHTML_master.py),2026-09-01 07:13:33,2026-09-01 07:19:16,343,OK,0
20260901_070002,HTML (AfterHTML_master.py),2026-09-01 07:19:16,2026-09-01 07:25:11,354,OK,0
20260901_070002,JSON (build_pairbaskets_json.py),2026-09-01 07:25:11,2026-09-01 07:25:31,20,OK,0
20260901_070002,JSON (build_policy_json.py),2026-09-01 07:25:31,2026-09-01 07:25:32,0,OK,0
20260901_070002,JSON (build_consensus_json.py),2026-09-01 07:25:32,2026-09-01 07:26:24,51,OK,0
20260901_070002,JSON (build_pca_json.py),2026-09-01 07:26:24,2026-09-01 07:26:24,0,OK,0
20260901_070002,JSON (build_caimap_json.py),2026-09-01 07:26:24,2026-09-01 07:26:25,0,OK,0
20260901_070002,embeds (sync_embeds.py),2026-09-01 07:26:25,2026-09-01 07:26:27,1,OK,0
20260901_070002,전송 (git),2026-09-01 07:26:27,2026-09-01 07:26:35,7,OK,0
20260901_210940,수집 (haver-api_PCA/fetch_haver_to_excel.py),2026-09-01 21:09:40,2026-09-01 21:10:14,34,OK,0
20260901_210940,수집 (haver-api_CPI/fetch_haver_to_excel.py),2026-09-01 21:10:14,2026-09-01 21:13:43,208,OK,0
20260901_210940,수집 (download_reports.py),2026-09-01 21:13:50,2026-09-01 21:29:15,925,OK,0
20260901_210940,파싱 (parse_daily_docx.py),2026-09-01 21:29:15,2026-09-01 21:29:18,3,OK,0
20260901_210940,하우스뷰 (extract_houseviews.py),2026-09-01 21:29:18,2026-09-01 21:29:19,0,OK,0
20260901_210940,목록 (build_reports_json.py),2026-09-01 21:29:19,2026-09-01 21:29:19,0,OK,0
20260901_210940,데이터 (BeforeHTML_master.py),2026-09-01 21:29:19,2026-09-01 21:34:41,321,OK,0
20260901_210940,HTML (AfterHTML_master.py),2026-09-01 21:34:41,2026-09-01 21:40:26,344,OK,0
20260901_210940,JSON (build_pairbaskets_json.py),2026-09-01 21:40:26,2026-09-01 21:40:42,16,OK,0
20260901_210940,JSON (build_policy_json.py),2026-09-01 21:40:42,2026-09-01 21:40:43,1,OK,0
20260901_210940,JSON (build_consensus_json.py),2026-09-01 21:40:43,2026-09-01 21:41:34,50,OK,0
20260901_210940,JSON (build_pca_json.py),2026-09-01 21:41:34,2026-09-01 21:41:34,0,OK,0
20260901_210940,JSON (build_caimap_json.py),2026-09-01 21:41:34,2026-09-01 21:41:35,0,OK,0
20260901_210940,embeds (sync_embeds.py),2026-09-01 21:41:35,2026-09-01 21:41:37,2,OK,0
20260901_210940,전송 (git),2026-09-01 21:41:37,2026-09-01 21:41:50,12,OK,0
20260902_070002,수집 (download_reports.py),2026-09-02 07:00:09,2026-09-02 07:00:41,31,OK,0
20260902_070002,파싱 (parse_daily_docx.py),2026-09-02 07:00:41,2026-09-02 07:00:45,4,OK,0
20260902_070002,하우스뷰 (extract_houseviews.py),2026-09-02 07:00:45,2026-09-02 07:00:45,0,OK,0
20260902_070002,목록 (build_reports_json.py),2026-09-02 07:00:45,2026-09-02 07:00:46,0,OK,0
20260902_070002,데이터 (BeforeHTML_master.py),2026-09-02 07:00:46,2026-09-02 07:06:48,361,OK,0
20260902_070002,HTML (AfterHTML_master.py),2026-09-02 07:06:48,2026-09-02 07:11:33,285,OK,0
20260902_070002,JSON (build_pairbaskets_json.py),2026-09-02 07:11:33,2026-09-02 07:12:46,72,OK,0
20260902_070002,JSON (build_policy_json.py),2026-09-02 07:12:46,2026-09-02 07:12:47,0,OK,0
20260902_070002,JSON (build_consensus_json.py),2026-09-02 07:12:47,2026-09-02 07:13:13,26,OK,0
20260902_070002,JSON (build_pca_json.py),2026-09-02 07:13:13,2026-09-02 07:13:14,0,OK,0
20260902_070002,JSON (build_caimap_json.py),2026-09-02 07:13:14,2026-09-02 07:13:14,0,OK,0
20260902_070002,embeds (sync_embeds.py),2026-09-02 07:13:14,2026-09-02 07:13:16,2,OK,0
20260902_070002,전송 (git),2026-09-02 07:13:16,2026-09-02 07:13:22,5,OK,0
20260902_233512,수집 (haver-api_PCA/fetch_haver_to_excel.py),2026-09-02 23:35:12,2026-09-02 23:35:46,34,OK,0
20260902_233512,수집 (haver-api_CPI/fetch_haver_to_excel.py),2026-09-02 23:35:46,2026-09-03 00:46:10,4224,OK,0
20260902_233512,수집 (download_reports.py),2026-09-03 00:46:17,2026-09-03 00:54:23,485,OK,0
20260902_233512,파싱 (parse_daily_docx.py),2026-09-03 00:54:23,2026-09-03 00:54:28,5,OK,0
20260902_233512,하우스뷰 (extract_houseviews.py),2026-09-03 00:54:28,2026-09-03 00:55:28,60,OK,0
20260902_233512,목록 (build_reports_json.py),2026-09-03 00:55:28,2026-09-03 00:55:29,0,OK,0
20260902_233512,데이터 (BeforeHTML_master.py),2026-09-03 00:55:29,2026-09-03 01:01:35,365,OK,0
20260902_233512,HTML (AfterHTML_master.py),2026-09-03 01:01:35,2026-09-03 01:08:59,444,OK,0
20260902_233512,JSON (build_pairbaskets_json.py),2026-09-03 01:08:59,2026-09-03 01:10:31,92,OK,0
20260902_233512,JSON (build_policy_json.py),2026-09-03 01:10:31,2026-09-03 01:10:32,1,OK,0
20260902_233512,JSON (build_consensus_json.py),2026-09-03 01:10:32,2026-09-03 01:11:17,44,OK,0
20260902_233512,JSON (build_pca_json.py),2026-09-03 01:11:17,2026-09-03 01:11:18,0,OK,0
20260902_233512,JSON (build_caimap_json.py),2026-09-03 01:11:18,2026-09-03 01:11:19,0,OK,0
20260902_233512,embeds (sync_embeds.py),2026-09-03 01:11:19,2026-09-03 01:11:21,1,OK,0
20260902_233512,전송 (git),2026-09-03 01:11:21,2026-09-03 01:11:26,5,OK,0
20260904_070002,수집 (download_reports.py),2026-09-04 07:00:09,2026-09-04 07:19:43,1173,OK,0
20260904_070002,파싱 (parse_daily_docx.py),2026-09-04 07:19:43,2026-09-04 07:19:50,7,OK,0
20260904_070002,하우스뷰 (extract_houseviews.py),2026-09-04 07:19:50,2026-09-04 07:19:50,0,OK,0
20260904_070002,목록 (build_reports_json.py),2026-09-04 07:19:50,2026-09-04 07:19:51,0,OK,0
20260904_070002,데이터 (BeforeHTML_master.py),2026-09-04 07:19:51,2026-09-04 07:26:14,382,OK,0
20260904_070002,HTML (AfterHTML_master.py),2026-09-04 07:26:14,2026-09-04 07:33:06,412,OK,0
20260904_070002,JSON (build_pairbaskets_json.py),2026-09-04 07:33:06,2026-09-04 07:34:02,56,OK,0
20260904_070002,JSON (build_policy_json.py),2026-09-04 07:34:02,2026-09-04 07:34:03,1,OK,0
20260904_070002,JSON (build_consensus_json.py),2026-09-04 07:34:03,2026-09-04 07:35:02,59,OK,0
20260904_070002,JSON (build_pca_json.py),2026-09-04 07:35:02,2026-09-04 07:35:03,0,OK,0
20260904_070002,JSON (build_caimap_json.py),2026-09-04 07:35:03,2026-09-04 07:35:03,0,OK,0
20260904_070002,embeds (sync_embeds.py),2026-09-04 07:35:03,2026-09-04 07:35:05,1,OK,0
20260904_070002,전송 (git),2026-09-04 07:35:05,2026-09-04 07:35:10,5,OK,0
20260905_070003,수집 (download_reports.py),2026-09-05 07:00:10,2026-09-05 07:00:21,10,OK,0
20260905_070003,파싱 (parse_daily_docx.py),2026-09-05 07:00:21,2026-09-05 07:00:30,9,OK,0
20260905_070003,하우스뷰 (extract_houseviews.py),2026-09-05 07:00:30,2026-09-05 07:00:31,0,OK,0
20260905_070003,목록 (build_reports_json.py),2026-09-05 07:00:31,2026-09-05 07:00:32,0,OK,0
20260905_070003,데이터 (BeforeHTML_master.py),2026-09-05 07:00:32,2026-09-05 07:07:24,412,OK,0
20260905_070003,HTML (AfterHTML_master.py),2026-09-05 07:07:24,2026-09-05 07:14:52,447,OK,0
20260905_070003,JSON (build_pairbaskets_json.py),2026-09-05 07:14:52,2026-09-05 07:15:44,51,OK,0
20260905_070003,JSON (build_policy_json.py),2026-09-05 07:15:44,2026-09-05 07:15:45,0,OK,0
20260905_070003,JSON (build_consensus_json.py),2026-09-05 07:15:45,2026-09-05 07:16:44,59,OK,0
20260905_070003,JSON (build_pca_json.py),2026-09-05 07:16:44,2026-09-05 07:16:45,0,OK,0
20260905_070003,JSON (build_caimap_json.py),2026-09-05 07:16:45,2026-09-05 07:16:45,0,OK,0
20260905_070003,embeds (sync_embeds.py),2026-09-05 07:16:45,2026-09-05 07:16:47,1,OK,0
20260905_070003,전송 (git),2026-09-05 07:16:47,2026-09-05 07:16:52,5,OK,0
20260906_070002,수집 (download_reports.py),2026-09-06 07:00:09,2026-09-06 07:09:34,565,OK,0
20260906_070002,파싱 (parse_daily_docx.py),2026-09-06 07:09:34,2026-09-06 07:09:38,3,OK,0
20260906_070002,하우스뷰 (extract_houseviews.py),2026-09-06 07:09:38,2026-09-06 07:09:38,0,OK,0
20260906_070002,목록 (build_reports_json.py),2026-09-06 07:09:38,2026-09-06 07:09:39,0,OK,0
20260906_070002,데이터 (BeforeHTML_master.py),2026-09-06 07:09:39,2026-09-06 07:15:45,365,OK,0
20260906_070002,HTML (AfterHTML_master.py),2026-09-06 07:15:45,2026-09-06 07:22:41,416,OK,0
20260906_070002,JSON (build_pairbaskets_json.py),2026-09-06 07:22:41,2026-09-06 07:23:38,56,OK,0
20260906_070002,JSON (build_policy_json.py),2026-09-06 07:23:38,2026-09-06 07:23:39,0,OK,0
20260906_070002,JSON (build_consensus_json.py),2026-09-06 07:23:39,2026-09-06 07:24:38,58,OK,0
20260906_070002,JSON (build_pca_json.py),2026-09-06 07:24:38,2026-09-06 07:24:39,0,OK,0
20260906_070002,JSON (build_caimap_json.py),2026-09-06 07:24:39,2026-09-06 07:24:39,0,OK,0
20260906_070002,embeds (sync_embeds.py),2026-09-06 07:24:39,2026-09-06 07:24:41,1,OK,0
20260906_070002,전송 (git),2026-09-06 07:24:41,2026-09-06 07:24:45,4,OK,0
20260907_070002,수집 (download_reports.py),2026-09-07 07:00:09,2026-09-07 07:09:28,559,OK,0
20260907_070002,파싱 (parse_daily_docx.py),2026-09-07 07:09:28,2026-09-07 07:09:35,7,OK,0
20260907_070002,하우스뷰 (extract_houseviews.py),2026-09-07 07:09:35,2026-09-07 07:09:36,0,OK,0
20260907_070002,목록 (build_reports_json.py),2026-09-07 07:09:36,2026-09-07 07:09:36,0,OK,0
20260907_070002,데이터 (BeforeHTML_master.py),2026-09-07 07:09:36,2026-09-07 07:18:38,541,OK,0
20260907_070002,HTML (AfterHTML_master.py),2026-09-07 07:18:38,2026-09-07 07:43:04,1466,OK,0
20260907_070002,JSON (build_pairbaskets_json.py),2026-09-07 07:43:04,2026-09-07 07:43:55,50,OK,0
20260907_070002,JSON (build_policy_json.py),2026-09-07 07:43:55,2026-09-07 07:43:56,1,OK,0
20260907_070002,JSON (build_consensus_json.py),2026-09-07 07:43:56,2026-09-07 07:45:36,99,OK,0
20260907_070002,JSON (build_pca_json.py),2026-09-07 07:45:36,2026-09-07 07:45:36,0,OK,0
20260907_070002,JSON (build_caimap_json.py),2026-09-07 07:45:36,2026-09-07 07:45:37,0,OK,0
20260907_070002,embeds (sync_embeds.py),2026-09-07 07:45:37,2026-09-07 07:45:39,1,OK,0
20260907_070002,전송 (git),2026-09-07 07:45:39,2026-09-07 07:45:43,4,OK,0
20260908_024218,수집 (haver-api_PCA/fetch_haver_to_excel.py),2026-09-08 02:42:18,2026-09-08 02:43:22,63,OK,0
20260908_024515,수집 (download_reports.py),2026-09-08 02:45:22,2026-09-08 02:45:44,21,OK,0
20260908_024515,파싱 (parse_daily_docx.py),2026-09-08 02:45:44,2026-09-08 02:45:50,6,OK,0
20260908_024515,하우스뷰 (extract_houseviews.py),2026-09-08 02:45:50,2026-09-08 02:45:50,0,OK,0
20260908_024515,목록 (build_reports_json.py),2026-09-08 02:45:50,2026-09-08 02:45:51,0,OK,0
20260908_024515,데이터 (BeforeHTML_master.py),2026-09-08 02:45:51,2026-09-08 02:52:25,393,OK,0
20260908_024515,HTML (AfterHTML_master.py),2026-09-08 02:52:25,2026-09-08 02:59:26,421,OK,0
20260908_024515,JSON (build_pairbaskets_json.py),2026-09-08 02:59:26,2026-09-08 03:00:41,75,OK,0
20260908_024515,JSON (build_policy_json.py),2026-09-08 03:00:41,2026-09-08 03:00:43,1,OK,0
20260908_024515,JSON (build_consensus_json.py),2026-09-08 03:00:43,2026-09-08 03:01:41,58,OK,0
20260908_024515,JSON (build_pca_json.py),2026-09-08 03:01:41,2026-09-08 03:01:42,0,OK,0
20260908_024515,JSON (build_caimap_json.py),2026-09-08 03:01:42,2026-09-08 03:01:43,0,OK,0
20260908_024515,embeds (sync_embeds.py),2026-09-08 03:01:43,2026-09-08 03:01:44,1,OK,0
20260908_024515,전송 (git),2026-09-08 03:01:44,2026-09-08 03:01:50,5,OK,0
20260915_220011,수집 (haver-api_PCA/fetch_haver_to_excel.py),2026-09-15 22:00:11,2026-09-15 22:00:44,32,OK,0
20260915_222438,데이터 (BeforeHTML_master.py),2026-09-15 22:24:38,2026-09-15 22:31:26,408,OK,0
20260915_222438,HTML (AfterHTML_master.py),2026-09-15 22:31:26,2026-09-15 22:39:10,464,OK,0
20260915_222438,JSON (build_pairbaskets_json.py),2026-09-15 22:39:10,2026-09-15 22:40:33,83,OK,0
20260915_222438,JSON (build_policy_json.py),2026-09-15 22:40:33,2026-09-15 22:40:35,1,OK,0
20260915_222438,JSON (build_consensus_json.py),2026-09-15 22:40:35,2026-09-15 22:41:41,66,OK,0
20260915_222438,JSON (build_pca_json.py),2026-09-15 22:41:41,2026-09-15 22:41:42,0,OK,0
20260915_222438,JSON (build_caimap_json.py),2026-09-15 22:41:42,2026-09-15 22:41:43,1,OK,0
20260915_222438,embeds (sync_embeds.py),2026-09-15 22:41:43,2026-09-15 22:41:46,2,OK,0
20260915_222438,전송 (git),2026-09-15 22:41:46,2026-09-15 22:41:52,6,OK,0
20260921_215048,파싱 (parse_daily_docx.py),2026-09-21 21:50:48,2026-09-21 21:50:52,3,OK,0
20260921_215048,목록 (build_reports_json.py),2026-09-21 21:50:52,2026-09-21 21:50:53,0,OK,0
20260921_215048,JSON (build_pairbaskets_json.py),2026-09-21 21:50:53,2026-09-21 21:52:22,89,OK,0
20260921_215048,JSON (build_policy_json.py),2026-09-21 21:52:22,2026-09-21 21:52:24,1,OK,0
20260921_215048,JSON (build_consensus_json.py),2026-09-21 21:52:24,2026-09-21 21:52:51,27,OK,0
20260921_215048,JSON (build_pca_json.py),2026-09-21 21:52:51,2026-09-21 21:52:52,0,OK,0
20260921_215048,JSON (build_caimap_json.py),2026-09-21 21:52:52,2026-09-21 21:52:52,0,OK,0
20260921_215048,embeds (sync_embeds.py),2026-09-21 21:52:52,2026-09-21 21:52:54,1,OK,0
20260921_215048,검증 (배포 전),2026-09-21 21:52:54,2026-09-21 21:52:54,0,OK,0
20260921_215336,파싱 (parse_daily_docx.py),2026-09-21 21:53:36,2026-09-21 21:53:40,3,OK,0
20260921_215336,목록 (build_reports_json.py),2026-09-21 21:53:40,2026-09-21 21:53:40,0,OK,0
20260921_215336,JSON (build_pairbaskets_json.py),2026-09-21 21:53:40,2026-09-21 21:55:22,101,OK,0
20260921_215336,JSON (build_policy_json.py),2026-09-21 21:55:22,2026-09-21 21:55:23,0,OK,0
20260921_215336,JSON (build_consensus_json.py),2026-09-21 21:55:23,2026-09-21 21:56:19,55,OK,0
20260921_215336,JSON (build_pca_json.py),2026-09-21 21:56:19,2026-09-21 21:56:19,0,OK,0
20260921_215336,JSON (build_caimap_json.py),2026-09-21 21:56:19,2026-09-21 21:56:20,0,OK,0
20260921_215336,embeds (sync_embeds.py),2026-09-21 21:56:20,2026-09-21 21:56:22,1,OK,0
20260921_215336,검증 (배포 전),2026-09-21 21:56:22,2026-09-21 21:56:22,0,OK,0
20260921_215336,전송 (git),2026-09-21 21:56:22,2026-09-21 21:57:18,56,OK,0
20260921_220204,파싱 (parse_daily_docx.py),2026-09-21 22:02:04,2026-09-21 22:02:08,3,OK,0
20260921_220204,목록 (build_reports_json.py),2026-09-21 22:02:08,2026-09-21 22:02:08,0,OK,0
20260921_220204,JSON (build_pairbaskets_json.py),2026-09-21 22:02:08,2026-09-21 22:05:28,199,OK,0
20260921_220204,JSON (build_policy_json.py),2026-09-21 22:05:28,2026-09-21 22:05:28,0,OK,0
20260921_220204,JSON (build_consensus_json.py),2026-09-21 22:05:28,2026-09-21 22:05:54,25,OK,0
20260921_220204,JSON (build_pca_json.py),2026-09-21 22:05:54,2026-09-21 22:05:55,0,OK,0
20260921_220204,JSON (build_caimap_json.py),2026-09-21 22:05:55,2026-09-21 22:05:55,0,OK,0
20260921_220204,embeds (sync_embeds.py),2026-09-21 22:05:55,2026-09-21 22:05:57,1,OK,0
20260921_220204,검증 (배포 전),2026-09-21 22:05:57,2026-09-21 22:05:57,0,OK,0
20260921_220204,전송 (git),2026-09-21 22:05:57,2026-09-21 22:06:01,3,OK,0
20260921_220204,검증 (Vercel 사이트),2026-09-21 22:06:01,2026-09-21 22:07:45,104,OK,0
20260921_230001,파싱 (parse_daily_docx.py),2026-09-21 23:00:01,2026-09-21 23:00:17,15,OK,0
20260921_230001,목록 (build_reports_json.py),2026-09-21 23:00:17,2026-09-21 23:00:18,1,OK,0
20260921_230001,JSON (build_pairbaskets_json.py),2026-09-21 23:00:18,2026-09-21 23:03:20,181,OK,0
20260921_230001,JSON (build_policy_json.py),2026-09-21 23:03:20,2026-09-21 23:03:22,1,OK,0
20260921_230001,JSON (build_consensus_json.py),2026-09-21 23:03:22,2026-09-21 23:04:21,59,OK,0
20260921_230001,JSON (build_pca_json.py),2026-09-21 23:04:21,2026-09-21 23:04:22,0,OK,0
20260921_230001,JSON (build_caimap_json.py),2026-09-21 23:04:22,2026-09-21 23:04:22,0,OK,0
20260921_230001,embeds (sync_embeds.py),2026-09-21 23:04:22,2026-09-21 23:04:24,1,OK,0
20260921_230001,검증 (배포 전),2026-09-21 23:04:24,2026-09-21 23:04:24,0,OK,0
20260921_230001,전송 (git),2026-09-21 23:04:24,2026-09-21 23:04:29,4,OK,0
20260921_230001,검증 (Vercel 사이트),2026-09-21 23:04:29,2026-09-21 23:05:41,72,OK,0
20260922_070002,수집 (download_reports.py),2026-09-22 07:00:09,2026-09-22 07:00:48,39,FAILED,1
20260922_070002,파싱 (parse_daily_docx.py),2026-09-22 07:00:48,2026-09-22 07:00:53,4,OK,0
20260922_070002,목록 (build_reports_json.py),2026-09-22 07:00:53,2026-09-22 07:00:53,0,OK,0
20260922_070002,데이터 (BeforeHTML_master.py),2026-09-22 07:00:53,2026-09-22 07:06:31,337,OK,0
20260922_070002,HTML (AfterHTML_master.py),2026-09-22 07:06:31,2026-09-22 07:12:51,380,OK,0
20260922_070002,JSON (build_pairbaskets_json.py),2026-09-22 07:12:51,2026-09-22 07:14:23,91,OK,0
20260922_070002,JSON (build_policy_json.py),2026-09-22 07:14:23,2026-09-22 07:14:24,1,OK,0
20260922_070002,JSON (build_consensus_json.py),2026-09-22 07:14:24,2026-09-22 07:14:57,32,OK,0
20260922_070002,JSON (build_pca_json.py),2026-09-22 07:14:57,2026-09-22 07:14:58,0,OK,0
20260922_070002,JSON (build_caimap_json.py),2026-09-22 07:14:58,2026-09-22 07:14:58,0,OK,0
20260922_070002,embeds (sync_embeds.py),2026-09-22 07:14:58,2026-09-22 07:15:01,2,OK,0
20260922_070002,전송 (git),2026-09-22 07:15:01,2026-09-22 07:15:08,6,OK,0
20260922_230002,파싱 (parse_daily_docx.py),2026-09-22 23:00:02,2026-09-22 23:00:07,5,OK,0
20260922_230002,목록 (build_reports_json.py),2026-09-22 23:00:07,2026-09-22 23:00:08,0,OK,0
20260922_230002,JSON (build_pairbaskets_json.py),2026-09-22 23:00:08,2026-09-22 23:01:30,82,OK,0
20260922_230002,JSON (build_policy_json.py),2026-09-22 23:01:30,2026-09-22 23:01:31,0,OK,0
20260922_230002,JSON (build_consensus_json.py),2026-09-22 23:01:31,2026-09-22 23:01:57,25,OK,0
20260922_230002,JSON (build_pca_json.py),2026-09-22 23:01:57,2026-09-22 23:01:57,0,OK,0
20260922_230002,JSON (build_caimap_json.py),2026-09-22 23:01:57,2026-09-22 23:01:58,0,OK,0
20260922_230002,embeds (sync_embeds.py),2026-09-22 23:01:58,2026-09-22 23:01:59,1,OK,0
20260922_230002,검증 (배포 전),2026-09-22 23:01:59,2026-09-22 23:02:00,0,OK,0
20260922_230002,전송 (git),2026-09-22 23:02:00,2026-09-22 23:02:03,3,OK,0
20260922_230002,검증 (Vercel 사이트),2026-09-22 23:02:03,2026-09-22 23:03:16,72,OK,0
20260923_070002,수집 (download_reports.py),2026-09-23 07:00:09,2026-09-23 07:12:00,711,FAILED,1
20260923_070002,파싱 (parse_daily_docx.py),2026-09-23 07:12:00,2026-09-23 07:12:05,4,OK,0
20260923_070002,목록 (build_reports_json.py),2026-09-23 07:12:05,2026-09-23 07:12:06,0,OK,0
20260923_070002,데이터 (BeforeHTML_master.py),2026-09-23 07:12:06,2026-09-23 07:17:25,319,OK,0
20260923_070002,HTML (AfterHTML_master.py),2026-09-23 07:17:25,2026-09-23 07:22:49,324,OK,0
20260923_070002,JSON (build_pairbaskets_json.py),2026-09-23 07:22:49,2026-09-23 07:23:53,63,OK,0
20260923_070002,JSON (build_policy_json.py),2026-09-23 07:23:53,2026-09-23 07:23:54,1,OK,0
20260923_070002,JSON (build_consensus_json.py),2026-09-23 07:23:54,2026-09-23 07:24:22,28,OK,0
20260923_070002,JSON (build_pca_json.py),2026-09-23 07:24:22,2026-09-23 07:24:23,0,OK,0
20260923_070002,JSON (build_caimap_json.py),2026-09-23 07:24:23,2026-09-23 07:24:23,0,OK,0
20260923_070002,embeds (sync_embeds.py),2026-09-23 07:24:23,2026-09-23 07:24:25,1,OK,0
20260923_070002,전송 (git),2026-09-23 07:24:25,2026-09-23 07:24:25,0,FAILED,1
20260923_230002,파싱 (parse_daily_docx.py),2026-09-23 23:00:02,2026-09-23 23:00:08,5,OK,0
20260923_230002,목록 (build_reports_json.py),2026-09-23 23:00:08,2026-09-23 23:00:08,0,OK,0
20260923_230002,JSON (build_pairbaskets_json.py),2026-09-23 23:00:08,2026-09-23 23:01:50,101,OK,0
20260923_230002,JSON (build_policy_json.py),2026-09-23 23:01:50,2026-09-23 23:01:51,0,OK,0
20260923_230002,JSON (build_consensus_json.py),2026-09-23 23:01:51,2026-09-23 23:02:17,26,OK,0
20260923_230002,JSON (build_pca_json.py),2026-09-23 23:02:17,2026-09-23 23:02:18,0,OK,0
20260923_230002,JSON (build_caimap_json.py),2026-09-23 23:02:18,2026-09-23 23:02:18,0,OK,0
20260923_230002,embeds (sync_embeds.py),2026-09-23 23:02:18,2026-09-23 23:02:21,2,OK,0
20260923_230002,검증 (배포 전),2026-09-23 23:02:21,2026-09-23 23:02:21,0,OK,0
20260923_230002,전송 (git),2026-09-23 23:02:21,2026-09-23 23:02:21,0,FAILED,1
20260924_070001,수집 (download_reports.py),2026-09-24 07:00:08,2026-09-24 07:00:58,49,FAILED,1
20260924_070001,파싱 (parse_daily_docx.py),2026-09-24 07:00:58,2026-09-24 07:01:04,6,OK,0
20260924_070001,목록 (build_reports_json.py),2026-09-24 07:01:04,2026-09-24 07:01:04,0,OK,0
20260924_070001,데이터 (BeforeHTML_master.py),2026-09-24 07:01:04,2026-09-24 07:06:57,352,OK,0
20260924_070001,HTML (AfterHTML_master.py),2026-09-24 07:06:57,2026-09-24 07:13:21,384,OK,0
20260924_070001,JSON (build_pairbaskets_json.py),2026-09-24 07:13:21,2026-09-24 07:15:11,109,OK,0
20260924_070001,JSON (build_policy_json.py),2026-09-24 07:15:11,2026-09-24 07:15:12,1,OK,0
20260924_070001,JSON (build_consensus_json.py),2026-09-24 07:15:12,2026-09-24 07:15:44,31,OK,0
20260924_070001,JSON (build_pca_json.py),2026-09-24 07:15:44,2026-09-24 07:15:45,0,OK,0
20260924_070001,JSON (build_caimap_json.py),2026-09-24 07:15:45,2026-09-24 07:15:46,0,OK,0
20260924_070001,embeds (sync_embeds.py),2026-09-24 07:15:46,2026-09-24 07:15:49,2,OK,0
20260924_070001,전송 (git),2026-09-24 07:15:49,2026-09-24 07:15:49,0,FAILED,1
20260924_230002,파싱 (parse_daily_docx.py),2026-09-24 23:00:02,2026-09-24 23:00:07,4,OK,0
20260924_230002,목록 (build_reports_json.py),2026-09-24 23:00:07,2026-09-24 23:00:07,0,OK,0
20260924_230002,JSON (build_pairbaskets_json.py),2026-09-24 23:00:07,2026-09-24 23:01:26,79,OK,0
20260924_230002,JSON (build_policy_json.py),2026-09-24 23:01:26,2026-09-24 23:01:27,0,OK,0
20260924_230002,JSON (build_consensus_json.py),2026-09-24 23:01:27,2026-09-24 23:01:54,26,OK,0
20260924_230002,JSON (build_pca_json.py),2026-09-24 23:01:54,2026-09-24 23:01:55,0,OK,0
20260924_230002,JSON (build_caimap_json.py),2026-09-24 23:01:55,2026-09-24 23:01:55,0,OK,0
20260924_230002,embeds (sync_embeds.py),2026-09-24 23:01:55,2026-09-24 23:01:59,3,OK,0
20260924_230002,검증 (배포 전),2026-09-24 23:01:59,2026-09-24 23:01:59,0,OK,0
20260924_230002,전송 (git),2026-09-24 23:01:59,2026-09-24 23:01:59,0,FAILED,1
20260925_070002,수집 (download_reports.py),2026-09-25 07:00:09,2026-09-25 07:00:46,37,FAILED,1
20260925_070002,파싱 (parse_daily_docx.py),2026-09-25 07:00:46,2026-09-25 07:00:58,11,OK,0
20260925_070002,목록 (build_reports_json.py),2026-09-25 07:00:58,2026-09-25 07:00:59,0,OK,0
20260925_070002,데이터 (BeforeHTML_master.py),2026-09-25 07:00:59,2026-09-25 07:07:07,368,OK,0
20260925_070002,HTML (AfterHTML_master.py),2026-09-25 07:07:07,2026-09-25 07:13:22,374,OK,0
20260925_070002,JSON (build_pairbaskets_json.py),2026-09-25 07:13:22,2026-09-25 07:14:26,64,OK,0
20260925_070002,JSON (build_policy_json.py),2026-09-25 07:14:26,2026-09-25 07:14:27,1,OK,0
20260925_070002,JSON (build_consensus_json.py),2026-09-25 07:14:27,2026-09-25 07:14:58,30,OK,0
20260925_070002,JSON (build_pca_json.py),2026-09-25 07:14:58,2026-09-25 07:14:58,0,OK,0
20260925_070002,JSON (build_caimap_json.py),2026-09-25 07:14:58,2026-09-25 07:14:59,0,OK,0
20260925_070002,embeds (sync_embeds.py),2026-09-25 07:14:59,2026-09-25 07:15:02,2,OK,0
20260925_070002,전송 (git),2026-09-25 07:15:02,2026-09-25 07:15:02,0,FAILED,1
20260925_230002,파싱 (parse_daily_docx.py),2026-09-25 23:00:02,2026-09-25 23:00:07,5,OK,0
20260925_230002,목록 (build_reports_json.py),2026-09-25 23:00:07,2026-09-25 23:00:08,0,OK,0
20260925_230002,JSON (build_pairbaskets_json.py),2026-09-25 23:00:08,2026-09-25 23:02:00,112,OK,0
20260925_230002,JSON (build_policy_json.py),2026-09-25 23:02:00,2026-09-25 23:02:01,1,OK,0
20260925_230002,JSON (build_consensus_json.py),2026-09-25 23:02:01,2026-09-25 23:02:29,27,OK,0
20260925_230002,JSON (build_pca_json.py),2026-09-25 23:02:29,2026-09-25 23:02:30,0,OK,0
20260925_230002,JSON (build_caimap_json.py),2026-09-25 23:02:30,2026-09-25 23:02:30,0,OK,0
20260925_230002,embeds (sync_embeds.py),2026-09-25 23:02:30,2026-09-25 23:02:34,3,OK,0
20260925_230002,검증 (배포 전),2026-09-25 23:02:34,2026-09-25 23:02:34,0,OK,0
20260925_230002,전송 (git),2026-09-25 23:02:34,2026-09-25 23:02:34,0,FAILED,1
