date,title,source_url,pages,status,saved_path
2026-09-07,Türkiye MTP,https://www.research.hsbc.com/R/10/hQdKCJlCxjQZ,6,downloaded,C:\Users\infomax\Documents\python\QAE\데일리시황\Context\_macro\outdated\HSBC\2026-09-07_Türkiye MTP__hQdKCJlCxjQZ.pdf
2026-09-07,German state elections,https://www.research.hsbc.com/R/10/7nDnzwSCxjQZ,6,downloaded,C:\Users\infomax\Documents\python\QAE\데일리시황\Context\_macro\outdated\HSBC\20260907_German state elections__b4ae35d9db1c.pdf
2026-09-07,Why shocks no longer matter,https://www.research.hsbc.com/R/10/FfWLtxpCxjQZ,39,downloaded,C:\Users\infomax\Documents\python\QAE\데일리시황\Context\_macro\outdated\HSBC\20260907_Why shocks no longer matter__39a98615b450.pdf
2026-09-07,Macro Matters - EMEA,https://www.research.hsbc.com/O/24ggzQ6pkCxjQZ,1,no_original_pdf,
2026-09-07,BoE Preview (Sep),https://www.research.hsbc.com/R/10/FDPMZkPCxjQZ,9,downloaded,C:\Users\infomax\Documents\python\QAE\데일리시황\Context\_macro\outdated\HSBC\20260907_BoE Preview (Sep)__7cf2a199f3f7.pdf
2026-09-07,The next generation of spenders,https://www.research.hsbc.com/R/10/lPHFlpwCxjQZ,39,downloaded,C:\Users\infomax\Documents\python\QAE\데일리시황\Context\_macro\outdated\HSBC\20260907_The next generation of spenders__8f26fe37d99c.pdf
2026-09-07,Video: The next generation of spenders,https://www.research.hsbc.com/R/10/jWfRpcBCxjQZ,1,no_original_pdf,
2026-09-07,Macro Matters - Asia-Pacific,https://www.research.hsbc.com/O/24tZM6ljtCxjQZ,1,no_original_pdf,
2026-09-07,Asia Economics Comment,https://www.research.hsbc.com/R/10/bDmTTMTCxjQZ,5,downloaded,C:\Users\infomax\Documents\python\QAE\데일리시황\Context\_macro\outdated\HSBC\20260907_Asia Economics Comment__41ff46d0eec8.pdf
2026-09-07,Australian Economic Comment,https://www.research.hsbc.com/R/10/cHtCqrqCxjQZ,5,downloaded,C:\Users\infomax\Documents\python\QAE\데일리시황\Context\_macro\outdated\HSBC\20260907_Australian Economic Comment__bcd200a9dce9.pdf
2026-09-04,The Week in Numbers,https://www.research.hsbc.com/R/10/lNMhTctCxjQZ,5,downloaded,C:\Users\infomax\Documents\python\QAE\데일리시황\Context\_macro\outdated\HSBC\20260904_The Week in Numbers__890b72a7ed4e.pdf
2026-09-04,Global Essentials,https://www.research.hsbc.com/O/24lNTWShrCxjQZ,1,no_original_pdf,
2026-09-04,GEMs in the week,https://www.research.hsbc.com/R/10/Vnnn6X9CxjQZ,29,downloaded,C:\Users\infomax\Documents\python\QAE\데일리시황\Context\_macro\outdated\HSBC\20260904_GEMs in the week__defdfb9fe84f.pdf
2026-09-04,Macro Matters - Americas,https://www.research.hsbc.com/O/24n79jrmDCxjQZ,1,no_original_pdf,
2026-09-04,JOIN Multi-Asset Webcast Beyond the ballot: Germany’s growth and competitiveness test,https://www.research.hsbc.com/R/10/CkgWjwqCxjQZ,6,downloaded,C:\Users\infomax\Documents\python\QAE\데일리시황\Context\_macro\outdated\HSBC\20260904_JOIN Multi-Asset Webcast Beyond the ballot_ Germany’s growth and__df039a2af28a.pdf
2026-09-04,Korea Budget 2027,https://www.research.hsbc.com/R/10/MMdkLwwCxjQZ,12,downloaded,C:\Users\infomax\Documents\python\QAE\데일리시황\Context\_macro\outdated\HSBC\20260904_Korea Budget 2027__2517856773c4.pdf
2026-09-04,Poland (CB preview),https://www.research.hsbc.com/R/10/fVSFzSgCxjQZ,5,downloaded,C:\Users\infomax\Documents\python\QAE\데일리시황\Context\_macro\outdated\HSBC\20260904_Poland (CB preview)__90b210138024.pdf
2026-09-04,Macro Matters - EMEA,https://www.research.hsbc.com/O/24kPmRzWkCxjQZ,1,no_original_pdf,
2026-09-04,Global Economic Calendar,https://www.research.hsbc.com/R/10/bhF6RcPCxjQZ,17,downloaded,C:\Users\infomax\Documents\python\QAE\데일리시황\Context\_macro\outdated\HSBC\20260904_Global Economic Calendar__59618352a391.pdf
2026-09-04,Macro Matters - Asia-Pacific,https://www.research.hsbc.com/O/24rzXswjHCxjQZ,1,no_original_pdf,
2026-09-04,Remarkable resilience,https://www.research.hsbc.com/R/10/jXw7dDNCxjQZ,12,downloaded,C:\Users\infomax\Documents\python\QAE\데일리시황\Context\_macro\outdated\HSBC\20260904_Remarkable resilience__51d0e0d86ddf.pdf
2026-09-04,Video: Asia Chart of the Week,https://www.research.hsbc.com/R/10/7VkfHbXCxjQZ,1,no_original_pdf,
2026-09-04,"Well, no AI-driven collapse here",https://www.research.hsbc.com/R/10/2vsjmsKCxjQZ,8,downloaded,"C:\Users\infomax\Documents\python\QAE\데일리시황\Context\_macro\outdated\HSBC\20260904_Well, no AI-driven collapse here__18e0d8a7a519.pdf"
2026-09-04,The ‘missing middle’ in India’s exports,https://www.research.hsbc.com/R/10/h6WBLwZCxjQZ,16,downloaded,C:\Users\infomax\Documents\python\QAE\데일리시황\Context\_macro\outdated\HSBC\20260904_The ‘missing middle’ in India’s exports__a2945d852a63.pdf
2026-09-04,Video: The 'missing middle' in India's exports,https://www.research.hsbc.com/R/10/PCXwBDsCxjQZ,1,no_original_pdf,
2026-09-03,Podcast: The Macro Brief,https://www.research.hsbc.com/R/10/dmDn6DSCxjQZ,1,no_original_pdf,
2026-09-03,German competitiveness,https://www.research.hsbc.com/R/10/HJzdRjkCxjQZ,6,downloaded,C:\Users\infomax\Documents\python\QAE\데일리시황\Context\_macro\outdated\HSBC\20260903_German competitiveness__bfce21272c61.pdf
2026-09-03,Macro Matters - Americas,https://www.research.hsbc.com/O/24rnvcKLHCxjQZ,1,no_original_pdf,
2026-09-03,China Conference 2026,https://www.research.hsbc.com/R/10/dgHwgVNCxjQZ,5,downloaded,C:\Users\infomax\Documents\python\QAE\데일리시황\Context\_macro\outdated\HSBC\20260903_China Conference 2026__3d9945825acd.pdf
2026-09-03,Bank Negara Malaysia review,https://www.research.hsbc.com/R/10/MCdvQ7NCxjQZ,4,downloaded,C:\Users\infomax\Documents\python\QAE\데일리시황\Context\_macro\outdated\HSBC\20260903_Bank Negara Malaysia review__db4e1072dee8.pdf
2026-09-03,Video: New US Treasury Forecasts,https://www.research.hsbc.com/R/10/97RChtnCxjQZ,1,no_original_pdf,
2026-09-03,Macro Matters - EMEA,https://www.research.hsbc.com/O/24kZTv976CxjQZ,1,no_original_pdf,
2026-09-03,Macro Matters - Asia-Pacific,https://www.research.hsbc.com/O/24kKfNglwCxjQZ,1,no_original_pdf,
2026-09-02,Mexico 2027 Budget Preview,https://www.research.hsbc.com/R/10/tkcf9WqCxjQZ,10,downloaded,C:\Users\infomax\Documents\python\QAE\데일리시황\Context\_macro\outdated\HSBC\20260902_Mexico 2027 Budget Preview__157fcabe5156.pdf
2026-09-02,New US Treasury Forecasts,https://www.research.hsbc.com/R/10/vzq99xfCxjQZ,11,downloaded,C:\Users\infomax\Documents\python\QAE\데일리시황\Context\_macro\outdated\HSBC\20260902_New US Treasury Forecasts__b3e9289f370c.pdf
2026-09-02,Bank of Canada (September),https://www.research.hsbc.com/R/10/vzMlZSqCxjQZ,4,downloaded,C:\Users\infomax\Documents\python\QAE\데일리시황\Context\_macro\outdated\HSBC\20260902_Bank of Canada (September)__09cb0c36d12d.pdf
2026-09-02,Europe macro tracker,https://www.research.hsbc.com/R/10/CbBkZgxCxjQZ,6,downloaded,C:\Users\infomax\Documents\python\QAE\데일리시황\Context\_macro\outdated\HSBC\20260902_Europe macro tracker__5d93b041a517.pdf
2026-09-02,On Warsh and AI,https://www.research.hsbc.com/R/10/CqMBr7lCxjQZ,28,downloaded,C:\Users\infomax\Documents\python\QAE\데일리시황\Context\_macro\outdated\HSBC\20260902_On Warsh and AI__5d1ccb9af30c.pdf
2026-09-02,Video: HSBC's 2026 China Conference,https://www.research.hsbc.com/R/10/v7SR9bpCxjQZ,1,no_original_pdf,
2026-09-02,Macro Matters - Americas,https://www.research.hsbc.com/O/24wJnRcVXCxjQZ,1,no_original_pdf,
2026-09-02,CE3 (Q2 GDP),https://www.research.hsbc.com/R/10/pFRvgbKCxjQZ,6,downloaded,C:\Users\infomax\Documents\python\QAE\데일리시황\Context\_macro\outdated\HSBC\20260902_CE3 (Q2 GDP)__1bd50887c42f.pdf
2026-09-02,The RBA Observer,https://www.research.hsbc.com/R/10/nwH6HzVCxjQZ,5,downloaded,C:\Users\infomax\Documents\python\QAE\데일리시황\Context\_macro\outdated\HSBC\20260902_The RBA Observer__dfe88aa04025.pdf
2026-09-02,Macro Matters - EMEA,https://www.research.hsbc.com/O/24JLFXH9sCxjQZ,1,no_original_pdf,
2026-09-02,Brazil Election Monitor #8,https://www.research.hsbc.com/R/10/GDhnrzGCxjQZ,9,downloaded,C:\Users\infomax\Documents\python\QAE\데일리시황\Context\_macro\outdated\HSBC\20260902_Brazil Election Monitor #8__97649a3f9f5b.pdf
2026-09-02,China Conference 2026,https://www.research.hsbc.com/R/10/ndqNdbMCxjQZ,4,downloaded,C:\Users\infomax\Documents\python\QAE\데일리시황\Context\_macro\outdated\HSBC\20260902_China Conference 2026__7270713cbc96.pdf
2026-09-02,Australian GDP,https://www.research.hsbc.com/R/10/zccNQrFCxjQZ,5,downloaded,C:\Users\infomax\Documents\python\QAE\데일리시황\Context\_macro\outdated\HSBC\20260902_Australian GDP__621c01834da9.pdf
2026-09-02,Still an AI cycle,https://www.research.hsbc.com/R/10/VpqGkJnCxjQZ,6,downloaded,C:\Users\infomax\Documents\python\QAE\데일리시황\Context\_macro\outdated\HSBC\20260902_Still an AI cycle__e8149ef868f8.pdf
2026-09-02,Macro Matters - Asia-Pacific,https://www.research.hsbc.com/O/24lfwM7qQCxjQZ,1,no_original_pdf,
2026-09-02,China Macro Tracker,https://www.research.hsbc.com/R/10/PLKmTcdCxjQZ,13,downloaded,C:\Users\infomax\Documents\python\QAE\데일리시황\Context\_macro\outdated\HSBC\20260902_China Macro Tracker__4812bc2cd43e.pdf
2026-09-01,Eurozone GDP upgrade,https://www.research.hsbc.com/R/10/jHnHQjnCxjQZ,7,downloaded,C:\Users\infomax\Documents\python\QAE\데일리시황\Context\_macro\outdated\HSBC\20260901_Eurozone GDP upgrade__de7c055c5b8e.pdf
2026-09-01,HSBC EM FX and Rates Webcast: Emerging Markets – What’s next,https://www.research.hsbc.com/R/10/7XRqkCwCxjQZ,7,downloaded,C:\Users\infomax\Documents\python\QAE\데일리시황\Context\_macro\outdated\HSBC\20260901_HSBC EM FX and Rates Webcast_ Emerging Markets – What’s next__99fb170a1b40.pdf
2026-09-01,Brazil Economics,https://www.research.hsbc.com/R/10/SJbvrkVCxjQZ,5,downloaded,C:\Users\infomax\Documents\python\QAE\데일리시황\Context\_macro\outdated\HSBC\20260901_Brazil Economics__c32098313497.pdf
2026-09-01,"Eurozone inflation (Aug, flash)",https://www.research.hsbc.com/R/10/zknFbhTCxjQZ,4,downloaded,"C:\Users\infomax\Documents\python\QAE\데일리시황\Context\_macro\outdated\HSBC\20260901_Eurozone inflation (Aug, flash)__9c726268ed87.pdf"
2026-09-01,Macro Matters - Americas,https://www.research.hsbc.com/O/24ns7dvcRCxjQZ,1,no_original_pdf,
2026-09-01,Commodity Prices Snapshot,https://www.research.hsbc.com/R/10/flXbHVWCxjQZ,15,downloaded,C:\Users\infomax\Documents\python\QAE\데일리시황\Context\_macro\outdated\HSBC\20260901_Commodity Prices Snapshot__56a0a9977ecf.pdf
2026-09-01,Macro Matters - EMEA,https://www.research.hsbc.com/O/24FKDxVlTCxjQZ,1,no_original_pdf,
2026-09-01,South Africa GDP preview,https://www.research.hsbc.com/R/10/LtVwvRBCxjQZ,5,downloaded,C:\Users\infomax\Documents\python\QAE\데일리시황\Context\_macro\outdated\HSBC\20260901_South Africa GDP preview__2861f7f47c43.pdf
2026-09-01,India: June GDP bonanza,https://www.research.hsbc.com/R/10/qMPMjxFCxjQZ,5,downloaded,C:\Users\infomax\Documents\python\QAE\데일리시황\Context\_macro\outdated\HSBC\20260901_India_ June GDP bonanza__46ffe72d8a05.pdf
2026-09-01,The flex factor,https://www.research.hsbc.com/R/10/RlKSz2mCxjQZ,14,downloaded,C:\Users\infomax\Documents\python\QAE\데일리시황\Context\_macro\outdated\HSBC\20260901_The flex factor__f6cb4c121173.pdf
2026-09-01,Video: The flex factor,https://www.research.hsbc.com/R/10/M2VLQdtCxjQZ,1,no_original_pdf,
2026-09-01,ECB Preview (Sep),https://www.research.hsbc.com/R/10/Vhx6GTFCxjQZ,8,downloaded,C:\Users\infomax\Documents\python\QAE\데일리시황\Context\_macro\outdated\HSBC\20260901_ECB Preview (Sep)__0279546ef055.pdf
2026-09-01,Macro Matters - Asia-Pacific,https://www.research.hsbc.com/O/24SxdnzX9CxjQZ,1,no_original_pdf,
