id	publication_date	title	regions
13015696	2026-09-06	Emerging Insight - India Strategy – Sterilizing liquidity surge in non-disruptive manner	Global
13015465	2026-09-04	Global Economic Weekly - Is this a Kohn day or a Bernanke day?	Global;Aus/NZ
13015308	2026-09-03	Global Emerging Markets Weekly - Peak hawkishness is near	Global
13014976	2026-09-02	The EM Quant Strategist - The Fed’s the limit	Global
13014987	2026-09-02	Emerging Insight - CEE: gas risks are real, but rate hikes overpriced	Global
13014701	2026-09-02	Emerging Insight - A major shift in US policy toward Venezuelan oil taking place	Global
13015705	2026-09-04	Canada Watch - Canada's job market slips back into the red	US/Can
13015661	2026-09-04	US Watch - Aug jobs: The good, the strong and the stable	US/Can
13015457	2026-09-04	CPI Inflation Watch - August US CPI preview: Make or break	US/Can
13015378	2026-09-04	Morning Market Tidbits - Will wages snap back?	US/Can
13015456	2026-09-04	US Economic Weekly - In the interest of time	US/Can
13014947	2026-09-03	Morning Market Tidbits - The Data Center economy	US/Can
13014949	2026-09-03	BofA on USA - Weekly spending update through Aug 29	US/Can
13014921	2026-09-02	Canada Watch - BoC holds at 2.25% as inflation risks climb and growth clouds linger	US/Can
13014637	2026-09-02	Morning Market Tidbits - Low churn, no cracks	US/Can
13014285	2026-09-01	Morning Market Tidbits - Benchmark relief for the Fed	US/Can
13015247	2026-09-04	Europe Economic Weekly - Summer ends, real pain resumes	Eur
13014813	2026-09-02	Europe conference call - The weekly view	Eur
13014551	2026-09-02	UK Viewpoint - Back to School: Waiting out the energy shock	Eur
13014120	2026-09-01	Euro Area Viewpoint - Back to school – September 2026 edition	Eur
13015464	2026-09-04	Asia Economic Weekly - Philippines: Fiscal deficit seen to widen beyond 6% of GDP	Jpn
13015022	2026-09-02	Japan Conference 2026 - Key conference takeaways – Day 3	Jpn
13014784	2026-09-01	Japan Conference 2026 - Key conference takeaways – Day 2	Jpn
13014722	2026-09-02	Australia Watch - 2Q GDP review: Household resilience supports a September RBA hike	Aus/NZ
13014702	2026-09-02	New Zealand Watch - RBNZ review: Dovish hike, max optionality	Aus/NZ
13014668	2026-09-01	Australia Consumer Survey - August Consumer Survey: Rising pass-through points to persistent inflation	Aus/NZ
