id	publication_date	title
GPS-5438635-0	2026-09-07	Germany: AfD falls short of a majority, despite vote jump
GPS-5438406-0	2026-09-07	Thailand: Inflation starts to climb again in August : We expect headline inflation to overshoot the 1-3% target range next month
GPS-5436620-0	2026-09-06	Australia and New Zealand: Weekly Prospects
GPS-5437781-0	2026-09-04	Mexico weekly : 2027 Budget, USMCA, inflation and industrial production
GPS-5437832-0	2026-09-04	Mexico : Still cloudy with a chance of sunshine
GPS-5437808-0	2026-09-04	El Salvador: A long-awaited IMF handshake
GPS-5437894-0	2026-09-04	Canada: Labor market gives back some recent gains in August
GPS-5437810-0	2026-09-04	US: Not too shabby
GPS-5430752-0	2026-09-04	Brazil weekly : The plot thickens
GPS-5432395-0	2026-09-04	ECB preview: A hike and hawkish (framework) guidance
GPS-5437424-0	2026-09-04	Euro area: Retail sales contracted in July
GPS-5437557-0	2026-09-04	Germany: Orders jumped due to bulk orders
GPS-5430410-0	2026-09-04	Hong Kong: Growth on track, Policy Address in focus
GPS-5437494-0	2026-09-04	UK: DMP shows modest response to higher energy prices
GPS-5437339-0	2026-09-04	India: FCNR surge, liquidity overhang and sterilization
GPS-5436491-0	2026-09-04	Czech core CPI stays near 3%
GPS-5437177-0	2026-09-04	Philippines: Inflation stays elevated in August : Core CPI run rate picks up again; maintain 5.5% terminal policy rate estimate
GPS-5436199-0	2026-09-04	Vietnam: Manufacturing eases, strong momentum holds
GPS-5435365-0	2026-09-04	Korea: July CA eases from the record but still high
GPS-5434750-0	2026-09-03	Mexico : Economic policy commentary - 2027 Budget preview
GPS-5423673-0	2026-09-03	US: August Employment Scorecard
GPS-5434745-0	2026-09-03	Brazil: Preview of the August CPI
GPS-5436089-0	2026-09-03	DomRep: Growth runs hotter, inflation expectations drift up : BCRD stays firmly on hold
GPS-5436181-0	2026-09-03	ECB: A third hike for good measure
GPS-5436136-0	2026-09-03	US: Services surveys improve but price pressures persist
GPS-5435956-0	2026-09-03	US: Ongoing positive job news from claims, Challenger
GPS-5435342-0	2026-09-03	Malaysia: Hawkish, but not hawkish enough : Pushing out BNM rate hike from November to 1Q27
GPS-5433903-0	2026-09-03	Türkiye: Softer August CPI keeps September meeting live
GPS-5435667-0	2026-09-03	Czech Republic: Wages give CNB some respite, but not much
GPS-5435746-0	2026-09-03	Vietnam: Fuel prices interrupt disinflation : SBV to remain on hold, but macroprudential easing is pushing rates lower
GPS-5435672-0	2026-09-03	Euro area: Final PMIs confirm resilience through August
GPS-5433900-0	2026-09-03	France: Monthly data point to fiscal slippage
GPS-5432126-0	2026-09-03	Sweden: PMI shows output strength, mixed news on prices
GPS-5431464-0	2026-09-03	Romania: still good fiscal outlook, but rising risks
GPS-5435333-0	2026-09-03	Australian trade: Going for gold
GPS-5430773-0	2026-09-02	Brazil : Weekly trade and financial flows
GPS-5434310-0	2026-09-02	Bank of Canada: A modest hawkish lean
GPS-5430607-0	2026-09-02	China alt-data trackers chartpack (Series 62) : Fiscal catch-up still limited, pre-sales system phase-out
GPS-5430764-0	2026-09-02	Brazil : July IP disappoints amid rising inventories and weak demand
GPS-5434281-0	2026-09-02	US: ADP points to another month of slow job growth
GPS-5432392-0	2026-09-02	Germany: A key election in Sachsen-Anhalt
GPS-5434055-0	2026-09-02	Israel: Cut me, maybe, one more time
GPS-5432577-0	2026-09-02	Mexico : August surveys - Some encouraging details
GPS-5433333-0	2026-09-02	Romania: again no sign of FX intervention
GPS-5433592-0	2026-09-02	RBNZ tightens, hiking bias preserved
GPS-5433661-0	2026-09-02	Korea: August CPI undershoot the expectation
GPS-5433560-0	2026-09-02	Australian GDP: The path to potential
GPS-5432854-0	2026-09-01	Mexico : July remittances - An improvement with a pinch of salt
GPS-5432814-0	2026-09-01	Mexico : Banxico survey - Sticky inflation expectations; all eyes on the budget next week
GPS-5432714-0	2026-09-01	US: Construction spending weakens amid homebuilding malaise
GPS-5430960-0	2026-09-01	Indonesia: A return to a small trade surplus in July : A renewed increase in global energy prices is a strong headwind to further improvement
GPS-5432605-0	2026-09-01	US: Manufacturing surveys still signal solid activity
GPS-5432868-0	2026-09-01	Peru : Inflation remains above target as El Niño risks build
GPS-5432732-0	2026-09-01	US: V/U suggests wage deceleration will end soon
GPS-5432560-0	2026-09-01	Chile : Activity hits a wall in July
GPS-5432733-0	2026-09-01	Euro area inflation forecasts (linkers)
GPS-5428627-0	2026-09-01	Indonesia: Inflation climbs and broadens in August : A BI hike remains on the table, but the near-term bar is high.
GPS-5430760-0	2026-09-01	Brazil : 2Q GDP reinforces expectations for deceleration
GPS-5432155-0	2026-09-01	Euro area: Core inflation down a tick, helped by services
GPS-5432347-0	2026-09-01	Istat confirms Italy’s resilience to energy shock
GPS-5432205-0	2026-09-01	Euro area: Unemployment rate stands at 6.4% in July
GPS-5432049-0	2026-09-01	Germany: Retail sales drop sharply in July
GPS-5431876-0	2026-09-01	Japan: August consumer confidence up on softer price outlook
GPS-5430581-0	2026-09-01	China RatingDog PMI: modest recovery, elusive reflation
GPS-5431816-0	2026-09-01	Korea: August exports rebound; trade surplus hits new record
GPS-5431617-0	2026-09-01	Taiwan: August PMI remained elevated despite moderate easing
GPS-5430409-0	2026-09-01	Korea: Manufacturing PMI expansion took a breather in August
GPS-5431699-0	2026-09-01	Australia: 2Q GDP tracking 0.2%q/q
GPS-5431504-0	2026-09-01	Japan: 2Q corporate survey shows strong profits and capex
GPS-5438947-0	2026-09-07	Japan: July CAI signals normalizing consumption momentum
GPS-5438994-0	2026-09-07	UK: REC jobs report shows further hiring lift
