"house","id","publication_date","title","source_url","original_download","saved_path","bytes","sha256","status"
"JPM","GPS-5438635-0","2026-09-07","Germany: AfD falls short of a majority, despite vote jump","https://markets.jpmorgan.com/research/content/GPS-5438635-0","C:\Users\infomax\Downloads\GPS-5438635-0.pdf","C:\Users\infomax\Documents\python\QAE\데일리시황\Context\_macro\outdated\JPM\2026-09-07_Germany_ AfD falls short of a majority, despite vote jump__GPS-5438635-0.pdf","223062","39FBE120BDA48BC84AC4925C0B85679C362030B04D9508FCBEDAE08C954F38C6","downloaded"
"JPM","GPS-5438406-0","2026-09-07","Thailand: Inflation starts to climb again in August : We expect headline inflation to overshoot the 1-3% target range next month","https://markets.jpmorgan.com/research/content/GPS-5438406-0","C:\Users\infomax\Downloads\GPS-5438406-0.pdf","C:\Users\infomax\Documents\python\QAE\데일리시황\Context\_macro\outdated\JPM\2026-09-07_Thailand_ Inflation starts to climb again in August _ We expect headline inflation to overshoot the__GPS-5438406-0.pdf","508958","94776B4DD96DB028F4DB6207B35F99F07C8120A7351CA79165731EDBC7FA8074","downloaded"
"JPM","GPS-5436620-0","2026-09-06","Australia and New Zealand: Weekly Prospects","https://markets.jpmorgan.com/research/content/GPS-5436620-0","C:\Users\infomax\Downloads\GPS-5436620-0.pdf","C:\Users\infomax\Documents\python\QAE\데일리시황\Context\_macro\outdated\JPM\2026-09-06_Australia and New Zealand_ Weekly Prospects__GPS-5436620-0.pdf","956797","2016B1626C7AD70BBD654347168D011D40AA3473C23D8CCD7C0E3DCC19DC5374","downloaded"
"JPM","GPS-5437781-0","2026-09-04","Mexico weekly : 2027 Budget, USMCA, inflation and industrial production","https://markets.jpmorgan.com/research/content/GPS-5437781-0","C:\Users\infomax\Downloads\GPS-5437781-0.pdf","C:\Users\infomax\Documents\python\QAE\데일리시황\Context\_macro\outdated\JPM\2026-09-04_Mexico weekly _ 2027 Budget, USMCA, inflation and industrial production__GPS-5437781-0.pdf","498878","6A138DB84474B15CB013DBE43380FB1BA8AAE83EDF6A456BD41928A58B454966","downloaded"
"JPM","GPS-5437832-0","2026-09-04","Mexico : Still cloudy with a chance of sunshine","https://markets.jpmorgan.com/research/content/GPS-5437832-0","C:\Users\infomax\Downloads\GPS-5437832-0.pdf","C:\Users\infomax\Documents\python\QAE\데일리시황\Context\_macro\outdated\JPM\2026-09-04_Mexico _ Still cloudy with a chance of sunshine__GPS-5437832-0.pdf","473871","B469E55C4F3C004587825125B96EE2E98A38A77F77A8182D1AA173C717F3ACC8","downloaded"
"JPM","GPS-5437808-0","2026-09-04","El Salvador: A long-awaited IMF handshake","https://markets.jpmorgan.com/research/content/GPS-5437808-0","C:\Users\infomax\Downloads\GPS-5437808-0.pdf","C:\Users\infomax\Documents\python\QAE\데일리시황\Context\_macro\outdated\JPM\2026-09-04_El Salvador_ A long-awaited IMF handshake__GPS-5437808-0.pdf","267748","B834BC7F3839AE95106F3A3BD6EFD42892B49D250EBFC84F79C0D9C37D4FBF15","downloaded"
"JPM","GPS-5437894-0","2026-09-04","Canada: Labor market gives back some recent gains in August","https://markets.jpmorgan.com/research/content/GPS-5437894-0","C:\Users\infomax\Downloads\GPS-5437894-0.pdf","C:\Users\infomax\Documents\python\QAE\데일리시황\Context\_macro\outdated\JPM\2026-09-04_Canada_ Labor market gives back some recent gains in August__GPS-5437894-0.pdf","594619","6E007E1712AF7F66DA422FA3B1015F14AC3BAFCCAA6C3EDE9A812457D3AE6F85","downloaded"
"JPM","GPS-5437810-0","2026-09-04","US: Not too shabby","https://markets.jpmorgan.com/research/content/GPS-5437810-0","C:\Users\infomax\Downloads\GPS-5437810-0.pdf","C:\Users\infomax\Documents\python\QAE\데일리시황\Context\_macro\outdated\JPM\2026-09-04_US_ Not too shabby__GPS-5437810-0.pdf","743744","5D7F17013BCE028DB754BCD13B87FA5E413B34969C6D3740AAD5DBC8BFE561D5","downloaded"
"JPM","GPS-5430752-0","2026-09-04","Brazil weekly : The plot thickens","https://markets.jpmorgan.com/research/content/GPS-5430752-0","C:\Users\infomax\Downloads\GPS-5430752-0.pdf","C:\Users\infomax\Documents\python\QAE\데일리시황\Context\_macro\outdated\JPM\2026-09-04_Brazil weekly _ The plot thickens__GPS-5430752-0.pdf","562982","DE397DA5C2BB2A9553BD918465458DCDE86FFE987E6A79AA68A8778C801CD0A4","downloaded"
"JPM","GPS-5432395-0","2026-09-04","ECB preview: A hike and hawkish (framework) guidance","https://markets.jpmorgan.com/research/content/GPS-5432395-0","C:\Users\infomax\Downloads\GPS-5432395-0.pdf","C:\Users\infomax\Documents\python\QAE\데일리시황\Context\_macro\outdated\JPM\2026-09-04_ECB preview_ A hike and hawkish (framework) guidance__GPS-5432395-0.pdf","276732","F1D1E7C4ECB48EF585D1D627ABBB1C41E1CE2AF5EB5F9798888EA399BACB376A","downloaded"
"JPM","GPS-5437424-0","2026-09-04","Euro area: Retail sales contracted in July","https://markets.jpmorgan.com/research/content/GPS-5437424-0","C:\Users\infomax\Downloads\GPS-5437424-0.pdf","C:\Users\infomax\Documents\python\QAE\데일리시황\Context\_macro\outdated\JPM\2026-09-04_Euro area_ Retail sales contracted in July__GPS-5437424-0.pdf","629107","9326C989B5F6FE1E76D578BAD833DC3F689C4064225BDD615F1FD56565E9A288","downloaded"
"JPM","GPS-5437557-0","2026-09-04","Germany: Orders jumped due to bulk orders","https://markets.jpmorgan.com/research/content/GPS-5437557-0","C:\Users\infomax\Downloads\GPS-5437557-0.pdf","C:\Users\infomax\Documents\python\QAE\데일리시황\Context\_macro\outdated\JPM\2026-09-04_Germany_ Orders jumped due to bulk orders__GPS-5437557-0.pdf","480470","00FADD7407B781CD5961D7C6973A52A5EEF7F407AE01252B34EEC8DAD8203ECF","downloaded"
"JPM","GPS-5430410-0","2026-09-04","Hong Kong: Growth on track, Policy Address in focus","https://markets.jpmorgan.com/research/content/GPS-5430410-0","C:\Users\infomax\Downloads\GPS-5430410-0.pdf","C:\Users\infomax\Documents\python\QAE\데일리시황\Context\_macro\outdated\JPM\2026-09-04_Hong Kong_ Growth on track, Policy Address in focus__GPS-5430410-0.pdf","639758","BABA7006EBB7A6F23219AE2DD7D23C5C91469B84C2E395CD24A1D58CE80A41CB","downloaded"
"JPM","GPS-5437494-0","2026-09-04","UK: DMP shows modest response to higher energy prices","https://markets.jpmorgan.com/research/content/GPS-5437494-0","C:\Users\infomax\Downloads\GPS-5437494-0.pdf","C:\Users\infomax\Documents\python\QAE\데일리시황\Context\_macro\outdated\JPM\2026-09-04_UK_ DMP shows modest response to higher energy prices__GPS-5437494-0.pdf","371981","DA79E027AC972EDA3E9C25822D8FC73125F870E4D415B08C9DA57BD2B78E0C66","downloaded"
"JPM","GPS-5437339-0","2026-09-04","India: FCNR surge, liquidity overhang and sterilization","https://markets.jpmorgan.com/research/content/GPS-5437339-0","C:\Users\infomax\Downloads\GPS-5437339-0.pdf","C:\Users\infomax\Documents\python\QAE\데일리시황\Context\_macro\outdated\JPM\2026-09-04_India_ FCNR surge, liquidity overhang and sterilization__GPS-5437339-0.pdf","352482","238C130CFC5542A62C923290628467E6726F26006A972F284FA0926696128DAA","downloaded"
"JPM","GPS-5436491-0","2026-09-04","Czech core CPI stays near 3%","https://markets.jpmorgan.com/research/content/GPS-5436491-0","C:\Users\infomax\Downloads\GPS-5436491-0.pdf","C:\Users\infomax\Documents\python\QAE\데일리시황\Context\_macro\outdated\JPM\2026-09-04_Czech core CPI stays near 3%__GPS-5436491-0.pdf","370548","4849666C78DE9BB2A2F47DF1062475A1E94C9B339BB3DFB60CCC4ACB15A2144D","downloaded"
"JPM","GPS-5437177-0","2026-09-04","Philippines: Inflation stays elevated in August : Core CPI run rate picks up again; maintain 5.5% terminal policy rate estimate","https://markets.jpmorgan.com/research/content/GPS-5437177-0","C:\Users\infomax\Downloads\GPS-5437177-0.pdf","C:\Users\infomax\Documents\python\QAE\데일리시황\Context\_macro\outdated\JPM\2026-09-04_Philippines_ Inflation stays elevated in August _ Core CPI run rate picks up again; maintain 5.5% te__GPS-5437177-0.pdf","586575","A69A45DC3DE1CC0FE708DB7DFE3D70C4C41D5E502516DA310F7CBF890E05BDE9","downloaded"
"JPM","GPS-5436199-0","2026-09-04","Vietnam: Manufacturing eases, strong momentum holds","https://markets.jpmorgan.com/research/content/GPS-5436199-0","C:\Users\infomax\Downloads\GPS-5436199-0.pdf","C:\Users\infomax\Documents\python\QAE\데일리시황\Context\_macro\outdated\JPM\2026-09-04_Vietnam_ Manufacturing eases, strong momentum holds__GPS-5436199-0.pdf","611351","E3F9F452F6AB3024FA191B4310453BADE040EF46798CAAEBD9963AF9262A537B","downloaded"
"JPM","GPS-5435365-0","2026-09-04","Korea: July CA eases from the record but still high","https://markets.jpmorgan.com/research/content/GPS-5435365-0","C:\Users\infomax\Downloads\GPS-5435365-0.pdf","C:\Users\infomax\Documents\python\QAE\데일리시황\Context\_macro\outdated\JPM\2026-09-04_Korea_ July CA eases from the record but still high__GPS-5435365-0.pdf","576210","4A65D460E27AD55100835170CDB7B0C57149A5739F67CAED15C9D7D277468A92","downloaded"
"JPM","GPS-5434750-0","2026-09-03","Mexico : Economic policy commentary - 2027 Budget preview","https://markets.jpmorgan.com/research/content/GPS-5434750-0","C:\Users\infomax\Downloads\GPS-5434750-0.pdf","C:\Users\infomax\Documents\python\QAE\데일리시황\Context\_macro\outdated\JPM\2026-09-03_Mexico _ Economic policy commentary - 2027 Budget preview__GPS-5434750-0.pdf","462262","CDC42E3CB7B82C6AF739D6565BC368E3F6ED13671C53DA632F7BF03B28A0E50F","downloaded"
"JPM","GPS-5423673-0","2026-09-03","US: August Employment Scorecard","https://markets.jpmorgan.com/research/content/GPS-5423673-0","C:\Users\infomax\Downloads\GPS-5423673-0.pdf","C:\Users\infomax\Documents\python\QAE\데일리시황\Context\_macro\outdated\JPM\2026-09-03_US_ August Employment Scorecard__GPS-5423673-0.pdf","1083575","216D41457FAEC4A035E7AC134CE147132E37C1803AC3AA85E1D382ACF0FB671D","downloaded"
"JPM","GPS-5434745-0","2026-09-03","Brazil: Preview of the August CPI","https://markets.jpmorgan.com/research/content/GPS-5434745-0","C:\Users\infomax\Downloads\GPS-5434745-0.pdf","C:\Users\infomax\Documents\python\QAE\데일리시황\Context\_macro\outdated\JPM\2026-09-03_Brazil_ Preview of the August CPI__GPS-5434745-0.pdf","297643","BCA17AC4C7CEDA8F326F4A5E3D2FCDF06BE3AA40D08568CEDEA31AE26D3C320C","downloaded"
"JPM","GPS-5436089-0","2026-09-03","DomRep: Growth runs hotter, inflation expectations drift up : BCRD stays firmly on hold","https://markets.jpmorgan.com/research/content/GPS-5436089-0","C:\Users\infomax\Downloads\GPS-5436089-0.pdf","C:\Users\infomax\Documents\python\QAE\데일리시황\Context\_macro\outdated\JPM\2026-09-03_DomRep_ Growth runs hotter, inflation expectations drift up _ BCRD stays firmly on hold__GPS-5436089-0.pdf","485481","BC4DE541E1D662F1F9312995307F54C86DAF38E08CDDAB52CE330994FCCA189E","downloaded"
"JPM","GPS-5436181-0","2026-09-03","ECB: A third hike for good measure","https://markets.jpmorgan.com/research/content/GPS-5436181-0","C:\Users\infomax\Downloads\GPS-5436181-0.pdf","C:\Users\infomax\Documents\python\QAE\데일리시황\Context\_macro\outdated\JPM\2026-09-03_ECB_ A third hike for good measure__GPS-5436181-0.pdf","224082","77DEE2A2CDA398AA5C368DE0488CE4857121762FFE0429F6BACE84D26A5BCC00","downloaded"
"JPM","GPS-5436136-0","2026-09-03","US: Services surveys improve but price pressures persist","https://markets.jpmorgan.com/research/content/GPS-5436136-0","C:\Users\infomax\Downloads\GPS-5436136-0.pdf","C:\Users\infomax\Documents\python\QAE\데일리시황\Context\_macro\outdated\JPM\2026-09-03_US_ Services surveys improve but price pressures persist__GPS-5436136-0.pdf","558463","CDEFBE36BF40CFFDA6C0469E1DDADC13BB3096C6AA25BEF1CC6AAB58B9729CDC","downloaded"
"JPM","GPS-5435956-0","2026-09-03","US: Ongoing positive job news from claims, Challenger","https://markets.jpmorgan.com/research/content/GPS-5435956-0","C:\Users\infomax\Downloads\GPS-5435956-0.pdf","C:\Users\infomax\Documents\python\QAE\데일리시황\Context\_macro\outdated\JPM\2026-09-03_US_ Ongoing positive job news from claims, Challenger__GPS-5435956-0.pdf","536343","86BD695696B03C2433482B3B48F9ECE2937C5F84EEA357DA0BE24EBDED20C1FA","downloaded"
"JPM","GPS-5435342-0","2026-09-03","Malaysia: Hawkish, but not hawkish enough : Pushing out BNM rate hike from November to 1Q27","https://markets.jpmorgan.com/research/content/GPS-5435342-0","C:\Users\infomax\Downloads\GPS-5435342-0.pdf","C:\Users\infomax\Documents\python\QAE\데일리시황\Context\_macro\outdated\JPM\2026-09-03_Malaysia_ Hawkish, but not hawkish enough _ Pushing out BNM rate hike from November to 1Q27__GPS-5435342-0.pdf","326259","582A3147FC1718C299E8E11DFB97D08E364D7F9E453FB5F6099521D6552325AA","downloaded"
"JPM","GPS-5433903-0","2026-09-03","Türkiye: Softer August CPI keeps September meeting live","https://markets.jpmorgan.com/research/content/GPS-5433903-0","C:\Users\infomax\Downloads\GPS-5433903-0.pdf","C:\Users\infomax\Documents\python\QAE\데일리시황\Context\_macro\outdated\JPM\2026-09-03_Türkiye_ Softer August CPI keeps September meeting live__GPS-5433903-0.pdf","383774","73F1844C0F6E4ADA664C6AF797155339E989D30A19749F834AD438EA31E3D17C","downloaded"
"JPM","GPS-5435667-0","2026-09-03","Czech Republic: Wages give CNB some respite, but not much","https://markets.jpmorgan.com/research/content/GPS-5435667-0","C:\Users\infomax\Downloads\GPS-5435667-0.pdf","C:\Users\infomax\Documents\python\QAE\데일리시황\Context\_macro\outdated\JPM\2026-09-03_Czech Republic_ Wages give CNB some respite, but not much__GPS-5435667-0.pdf","329623","0A87C67C6C2972AE2BB367A5A4DC4439B91686D475B1DB54E76F76D261F690A8","downloaded"
"JPM","GPS-5435746-0","2026-09-03","Vietnam: Fuel prices interrupt disinflation : SBV to remain on hold, but macroprudential easing is pushing rates lower","https://markets.jpmorgan.com/research/content/GPS-5435746-0","C:\Users\infomax\Downloads\GPS-5435746-0.pdf","C:\Users\infomax\Documents\python\QAE\데일리시황\Context\_macro\outdated\JPM\2026-09-03_Vietnam_ Fuel prices interrupt disinflation _ SBV to remain on hold, but macroprudential easing is p__GPS-5435746-0.pdf","521352","A94D09ACC0B0963C12247C75C0AFEBC528154A029133DA1A81194E0F8120D979","downloaded"
"JPM","GPS-5435672-0","2026-09-03","Euro area: Final PMIs confirm resilience through August","https://markets.jpmorgan.com/research/content/GPS-5435672-0","C:\Users\infomax\Downloads\GPS-5435672-0.pdf","C:\Users\infomax\Documents\python\QAE\데일리시황\Context\_macro\outdated\JPM\2026-09-03_Euro area_ Final PMIs confirm resilience through August__GPS-5435672-0.pdf","787372","E8CA17F2B83AB99DF2C372540D5FD13974FB08E983E18E04F135D771E42872A6","downloaded"
"JPM","GPS-5433900-0","2026-09-03","France: Monthly data point to fiscal slippage","https://markets.jpmorgan.com/research/content/GPS-5433900-0","C:\Users\infomax\Downloads\GPS-5433900-0.pdf","C:\Users\infomax\Documents\python\QAE\데일리시황\Context\_macro\outdated\JPM\2026-09-03_France_ Monthly data point to fiscal slippage__GPS-5433900-0.pdf","355298","EC58C3D7D6F18FC364C3298FCBDB2D64013417B1A1BD144F851E2B2F5DF012E5","downloaded"
"JPM","GPS-5432126-0","2026-09-03","Sweden: PMI shows output strength, mixed news on prices","https://markets.jpmorgan.com/research/content/GPS-5432126-0","C:\Users\infomax\Downloads\GPS-5432126-0.pdf","C:\Users\infomax\Documents\python\QAE\데일리시황\Context\_macro\outdated\JPM\2026-09-03_Sweden_ PMI shows output strength, mixed news on prices__GPS-5432126-0.pdf","740657","A2AA48F73654A76A8B04826439AF4786AECBA2858FB387D0F094CA3862927CD2","downloaded"
"JPM","GPS-5431464-0","2026-09-03","Romania: still good fiscal outlook, but rising risks","https://markets.jpmorgan.com/research/content/GPS-5431464-0","C:\Users\infomax\Downloads\GPS-5431464-0.pdf","C:\Users\infomax\Documents\python\QAE\데일리시황\Context\_macro\outdated\JPM\2026-09-03_Romania_ still good fiscal outlook, but rising risks__GPS-5431464-0.pdf","450875","17E8DC83DEE10BA50BBCAE6F82CF1E939E5A911B0E1D215FD34CF5826F94B708","downloaded"
"JPM","GPS-5435333-0","2026-09-03","Australian trade: Going for gold","https://markets.jpmorgan.com/research/content/GPS-5435333-0","C:\Users\infomax\Downloads\GPS-5435333-0.pdf","C:\Users\infomax\Documents\python\QAE\데일리시황\Context\_macro\outdated\JPM\2026-09-03_Australian trade_ Going for gold__GPS-5435333-0.pdf","349558","4269B59DC36B783EE3677E56A9840FB5CED83ECCD465596455FB21C3A9417FCC","downloaded"
"JPM","GPS-5430773-0","2026-09-02","Brazil : Weekly trade and financial flows","https://markets.jpmorgan.com/research/content/GPS-5430773-0","C:\Users\infomax\Downloads\GPS-5430773-0.pdf","C:\Users\infomax\Documents\python\QAE\데일리시황\Context\_macro\outdated\JPM\2026-09-02_Brazil _ Weekly trade and financial flows__GPS-5430773-0.pdf","808837","0565D461D819F48DA951A1F1AC7FEB6E4BEB17BAE68018DB68816D730E8AF21B","downloaded"
"JPM","GPS-5434310-0","2026-09-02","Bank of Canada: A modest hawkish lean","https://markets.jpmorgan.com/research/content/GPS-5434310-0","C:\Users\infomax\Downloads\GPS-5434310-0.pdf","C:\Users\infomax\Documents\python\QAE\데일리시황\Context\_macro\outdated\JPM\2026-09-02_Bank of Canada_ A modest hawkish lean__GPS-5434310-0.pdf","591565","0F29546194CEFE113E8D84D54CAFFA36820271C2BF77F6F4D0CA0C8CF4F7E8B1","downloaded"
"JPM","GPS-5430607-0","2026-09-02","China alt-data trackers chartpack (Series 62) : Fiscal catch-up still limited, pre-sales system phase-out","https://markets.jpmorgan.com/research/content/GPS-5430607-0","C:\Users\infomax\Downloads\GPS-5430607-0.pdf","C:\Users\infomax\Documents\python\QAE\데일리시황\Context\_macro\outdated\JPM\2026-09-02_China alt-data trackers chartpack (Series 62) _ Fiscal catch-up still limited, pre-sales system phas__GPS-5430607-0.pdf","2653844","CE0C1F5C18C9CC6B9A91CA48EC54C068A56C7E41FA8A38812D0D7C22E83945E4","downloaded"
"JPM","GPS-5430764-0","2026-09-02","Brazil : July IP disappoints amid rising inventories and weak demand","https://markets.jpmorgan.com/research/content/GPS-5430764-0","C:\Users\infomax\Downloads\GPS-5430764-0.pdf","C:\Users\infomax\Documents\python\QAE\데일리시황\Context\_macro\outdated\JPM\2026-09-02_Brazil _ July IP disappoints amid rising inventories and weak demand__GPS-5430764-0.pdf","538853","52C72DEABF29A46C7788B3D11398B70AAF8CF45AFD4D29C5612F17D258E2A7B3","downloaded"
"JPM","GPS-5434281-0","2026-09-02","US: ADP points to another month of slow job growth","https://markets.jpmorgan.com/research/content/GPS-5434281-0","C:\Users\infomax\Downloads\GPS-5434281-0.pdf","C:\Users\infomax\Documents\python\QAE\데일리시황\Context\_macro\outdated\JPM\2026-09-02_US_ ADP points to another month of slow job growth__GPS-5434281-0.pdf","403207","6E0888AC8BF75382E669838AF3D7A636ADF9E9AFBE7CC9F35723B516FDAC104A","downloaded"
"JPM","GPS-5432392-0","2026-09-02","Germany: A key election in Sachsen-Anhalt","https://markets.jpmorgan.com/research/content/GPS-5432392-0","C:\Users\infomax\Downloads\GPS-5432392-0.pdf","C:\Users\infomax\Documents\python\QAE\데일리시황\Context\_macro\outdated\JPM\2026-09-02_Germany_ A key election in Sachsen-Anhalt__GPS-5432392-0.pdf","280222","A4E23C4C254846DFA96FC79616BB4E4047AEE245DD284B801B74B4FE325CECC1","downloaded"
"JPM","GPS-5434055-0","2026-09-02","Israel: Cut me, maybe, one more time","https://markets.jpmorgan.com/research/content/GPS-5434055-0","C:\Users\infomax\Downloads\GPS-5434055-0.pdf","C:\Users\infomax\Documents\python\QAE\데일리시황\Context\_macro\outdated\JPM\2026-09-02_Israel_ Cut me, maybe, one more time__GPS-5434055-0.pdf","221914","5C1F7D0FE0DFB2F8EE27C2CED437DF6FAE431B0AB6A10DA9AB9743602384609F","downloaded"
"JPM","GPS-5432577-0","2026-09-02","Mexico : August surveys - Some encouraging details","https://markets.jpmorgan.com/research/content/GPS-5432577-0","C:\Users\infomax\Downloads\GPS-5432577-0.pdf","C:\Users\infomax\Documents\python\QAE\데일리시황\Context\_macro\outdated\JPM\2026-09-02_Mexico _ August surveys - Some encouraging details__GPS-5432577-0.pdf","437256","02EDEF1E5A048C832B65E1ECC6BAE352EA8002E48584C210F21B74DBEA82EE08","downloaded"
"JPM","GPS-5433333-0","2026-09-02","Romania: again no sign of FX intervention","https://markets.jpmorgan.com/research/content/GPS-5433333-0","C:\Users\infomax\Downloads\GPS-5433333-0.pdf","C:\Users\infomax\Documents\python\QAE\데일리시황\Context\_macro\outdated\JPM\2026-09-02_Romania_ again no sign of FX intervention__GPS-5433333-0.pdf","379576","C5EC0BFFFBA644E27F70E5FB42033E3179CC94C6DFFA916572CB225E5027B6C2","downloaded"
"JPM","GPS-5433592-0","2026-09-02","RBNZ tightens, hiking bias preserved","https://markets.jpmorgan.com/research/content/GPS-5433592-0","C:\Users\infomax\Downloads\GPS-5433592-0.pdf","C:\Users\infomax\Documents\python\QAE\데일리시황\Context\_macro\outdated\JPM\2026-09-02_RBNZ tightens, hiking bias preserved__GPS-5433592-0.pdf","365578","5A81F1F111F66DD7A939DC5B12B6DD0E66EA1D8F0058C890B111F2B251EC63E0","downloaded"
"JPM","GPS-5433661-0","2026-09-02","Korea: August CPI undershoot the expectation","https://markets.jpmorgan.com/research/content/GPS-5433661-0","C:\Users\infomax\Downloads\GPS-5433661-0.pdf","C:\Users\infomax\Documents\python\QAE\데일리시황\Context\_macro\outdated\JPM\2026-09-02_Korea_ August CPI undershoot the expectation__GPS-5433661-0.pdf","435062","D758EFCCF7CCDD85E6090E2937E78CD54D68CB056BD00B01C75A2ECB998F015C","downloaded"
"JPM","GPS-5433560-0","2026-09-02","Australian GDP: The path to potential","https://markets.jpmorgan.com/research/content/GPS-5433560-0","C:\Users\infomax\Downloads\GPS-5433560-0.pdf","C:\Users\infomax\Documents\python\QAE\데일리시황\Context\_macro\outdated\JPM\2026-09-02_Australian GDP_ The path to potential__GPS-5433560-0.pdf","420308","2300DF8234BC3226995E6BB021300BABD761494C6EE575A27DAA18FEF8A201F1","downloaded"
"JPM","GPS-5432854-0","2026-09-01","Mexico : July remittances - An improvement with a pinch of salt","https://markets.jpmorgan.com/research/content/GPS-5432854-0","C:\Users\infomax\Downloads\GPS-5432854-0.pdf","C:\Users\infomax\Documents\python\QAE\데일리시황\Context\_macro\outdated\JPM\2026-09-01_Mexico _ July remittances - An improvement with a pinch of salt__GPS-5432854-0.pdf","431449","CD5C825C4236C4ACE02C41B585CF35B37E7322CE81981F990DA2F906FC2617F8","downloaded"
"JPM","GPS-5432814-0","2026-09-01","Mexico : Banxico survey - Sticky inflation expectations; all eyes on the budget next week","https://markets.jpmorgan.com/research/content/GPS-5432814-0","C:\Users\infomax\Downloads\GPS-5432814-0.pdf","C:\Users\infomax\Documents\python\QAE\데일리시황\Context\_macro\outdated\JPM\2026-09-01_Mexico _ Banxico survey - Sticky inflation expectations; all eyes on the budget next week__GPS-5432814-0.pdf","497042","E2D64B42F58DB2AC50A8214E0F6C8E64951C05315FDEF87E559E0611E0AE78A8","downloaded"
"JPM","GPS-5432714-0","2026-09-01","US: Construction spending weakens amid homebuilding malaise","https://markets.jpmorgan.com/research/content/GPS-5432714-0","C:\Users\infomax\Downloads\GPS-5432714-0.pdf","C:\Users\infomax\Documents\python\QAE\데일리시황\Context\_macro\outdated\JPM\2026-09-01_US_ Construction spending weakens amid homebuilding malaise__GPS-5432714-0.pdf","477803","26FD4757CEE1598C6E749DBFDB155ED187032BCFFC6BD0B0B49CCE6130E79A64","downloaded"
"JPM","GPS-5430960-0","2026-09-01","Indonesia: A return to a small trade surplus in July : A renewed increase in global energy prices is a strong headwind to further improvement","https://markets.jpmorgan.com/research/content/GPS-5430960-0","C:\Users\infomax\Downloads\GPS-5430960-0.pdf","C:\Users\infomax\Documents\python\QAE\데일리시황\Context\_macro\outdated\JPM\2026-09-01_Indonesia_ A return to a small trade surplus in July _ A renewed increase in global energy prices is__GPS-5430960-0.pdf","555783","BFEF5ECB0AB1A3758FCC24A1EF6BA911486A75C13F4B07133EE97AA5B2A6C010","downloaded"
"JPM","GPS-5432605-0","2026-09-01","US: Manufacturing surveys still signal solid activity","https://markets.jpmorgan.com/research/content/GPS-5432605-0","C:\Users\infomax\Downloads\GPS-5432605-0.pdf","C:\Users\infomax\Documents\python\QAE\데일리시황\Context\_macro\outdated\JPM\2026-09-01_US_ Manufacturing surveys still signal solid activity__GPS-5432605-0.pdf","642029","FB0B7D374D3F6B52617D6B0641DB27DC53F25B2B259516F7B7AA0EA68CDB056A","downloaded"
"JPM","GPS-5432868-0","2026-09-01","Peru : Inflation remains above target as El Niño risks build","https://markets.jpmorgan.com/research/content/GPS-5432868-0","C:\Users\infomax\Downloads\GPS-5432868-0.pdf","C:\Users\infomax\Documents\python\QAE\데일리시황\Context\_macro\outdated\JPM\2026-09-01_Peru _ Inflation remains above target as El Niño risks build__GPS-5432868-0.pdf","357448","AF238A0B24E0695E912352E62D916AEA36801FB09C382D1BBF175A234EBDB7D6","downloaded"
"JPM","GPS-5432732-0","2026-09-01","US: V/U suggests wage deceleration will end soon","https://markets.jpmorgan.com/research/content/GPS-5432732-0","C:\Users\infomax\Downloads\GPS-5432732-0.pdf","C:\Users\infomax\Documents\python\QAE\데일리시황\Context\_macro\outdated\JPM\2026-09-01_US_ V_U suggests wage deceleration will end soon__GPS-5432732-0.pdf","474947","D25D571BB7727E888162D40862F4A32687FBA26F786931E9ED4A21B0024E6A03","downloaded"
"JPM","GPS-5432560-0","2026-09-01","Chile : Activity hits a wall in July","https://markets.jpmorgan.com/research/content/GPS-5432560-0","C:\Users\infomax\Downloads\GPS-5432560-0.pdf","C:\Users\infomax\Documents\python\QAE\데일리시황\Context\_macro\outdated\JPM\2026-09-01_Chile _ Activity hits a wall in July__GPS-5432560-0.pdf","431286","A21E2A7AA9CF8DC08466FD654AD549870EA7E612015C6B16009B21E3142DA0EF","downloaded"
"JPM","GPS-5432733-0","2026-09-01","Euro area inflation forecasts (linkers)","https://markets.jpmorgan.com/research/content/GPS-5432733-0","C:\Users\infomax\Downloads\GPS-5432733-0.pdf","C:\Users\infomax\Documents\python\QAE\데일리시황\Context\_macro\outdated\JPM\2026-09-01_Euro area inflation forecasts (linkers)__GPS-5432733-0.pdf","270120","A4B103EE67DCCB047C6417FFCC7E132475623070B7419A42C33398F6E6C04B5E","downloaded"
"JPM","GPS-5428627-0","2026-09-01","Indonesia: Inflation climbs and broadens in August : A BI hike remains on the table, but the near-term bar is high.","https://markets.jpmorgan.com/research/content/GPS-5428627-0","C:\Users\infomax\Downloads\GPS-5428627-0.pdf","C:\Users\infomax\Documents\python\QAE\데일리시황\Context\_macro\outdated\JPM\2026-09-01_Indonesia_ Inflation climbs and broadens in August _ A BI hike remains on the table, but the near-te__GPS-5428627-0.pdf","488768","F67B937CDD181E917E34291440B50699D8BD66D89716926F0EAF90001D5BD346","downloaded"
"JPM","GPS-5430760-0","2026-09-01","Brazil : 2Q GDP reinforces expectations for deceleration","https://markets.jpmorgan.com/research/content/GPS-5430760-0","C:\Users\infomax\Downloads\GPS-5430760-0.pdf","C:\Users\infomax\Documents\python\QAE\데일리시황\Context\_macro\outdated\JPM\2026-09-01_Brazil _ 2Q GDP reinforces expectations for deceleration__GPS-5430760-0.pdf","712091","2B30A1DF05DC887FBA42E1FF5643A538EDD04F1EA95448187DC2F0EA43A94183","downloaded"
"JPM","GPS-5432155-0","2026-09-01","Euro area: Core inflation down a tick, helped by services","https://markets.jpmorgan.com/research/content/GPS-5432155-0","C:\Users\infomax\Downloads\GPS-5432155-0.pdf","C:\Users\infomax\Documents\python\QAE\데일리시황\Context\_macro\outdated\JPM\2026-09-01_Euro area_ Core inflation down a tick, helped by services__GPS-5432155-0.pdf","677819","C11FADF2D0BE3FD0D0C4D6406E1564A3467E01A2DD196661A59A884B7CA201D0","downloaded"
"JPM","GPS-5432347-0","2026-09-01","Istat confirms Italy’s resilience to energy shock","https://markets.jpmorgan.com/research/content/GPS-5432347-0","C:\Users\infomax\Downloads\GPS-5432347-0.pdf","C:\Users\infomax\Documents\python\QAE\데일리시황\Context\_macro\outdated\JPM\2026-09-01_Istat confirms Italy’s resilience to energy shock__GPS-5432347-0.pdf","538010","476B9AE658C64B0C97EBF4BDBA9A9330C0453F9B27341EC60442AD04AE047FC2","downloaded"
"JPM","GPS-5432205-0","2026-09-01","Euro area: Unemployment rate stands at 6.4% in July","https://markets.jpmorgan.com/research/content/GPS-5432205-0","C:\Users\infomax\Downloads\GPS-5432205-0.pdf","C:\Users\infomax\Documents\python\QAE\데일리시황\Context\_macro\outdated\JPM\2026-09-01_Euro area_ Unemployment rate stands at 6.4% in July__GPS-5432205-0.pdf","494222","04B9701EB60E1BC30A485C559735052B68C56B04AA387D659B9CC24F6F738826","downloaded"
"JPM","GPS-5432049-0","2026-09-01","Germany: Retail sales drop sharply in July","https://markets.jpmorgan.com/research/content/GPS-5432049-0","C:\Users\infomax\Downloads\GPS-5432049-0.pdf","C:\Users\infomax\Documents\python\QAE\데일리시황\Context\_macro\outdated\JPM\2026-09-01_Germany_ Retail sales drop sharply in July__GPS-5432049-0.pdf","339320","A5B34FCF6F07AF3A9AEB10ABFA543ACE951340942E72376C8D6968101A23C5F8","downloaded"
"JPM","GPS-5431876-0","2026-09-01","Japan: August consumer confidence up on softer price outlook","https://markets.jpmorgan.com/research/content/GPS-5431876-0","C:\Users\infomax\Downloads\GPS-5431876-0.pdf","C:\Users\infomax\Documents\python\QAE\데일리시황\Context\_macro\outdated\JPM\2026-09-01_Japan_ August consumer confidence up on softer price outlook__GPS-5431876-0.pdf","472067","05A99AC43D3A6FF5B0E169780AA3F73818670A5144DEA05A5D2DFBA4D3761488","downloaded"
"JPM","GPS-5430581-0","2026-09-01","China RatingDog PMI: modest recovery, elusive reflation","https://markets.jpmorgan.com/research/content/GPS-5430581-0","C:\Users\infomax\Downloads\GPS-5430581-0.pdf","C:\Users\infomax\Documents\python\QAE\데일리시황\Context\_macro\outdated\JPM\2026-09-01_China RatingDog PMI_ modest recovery, elusive reflation__GPS-5430581-0.pdf","626760","5412D23BBC50DCA324AC22EBC28821CF8759CD5986A937BF4C0C18A0F55EE108","downloaded"
"JPM","GPS-5431816-0","2026-09-01","Korea: August exports rebound; trade surplus hits new record","https://markets.jpmorgan.com/research/content/GPS-5431816-0","C:\Users\infomax\Downloads\GPS-5431816-0.pdf","C:\Users\infomax\Documents\python\QAE\데일리시황\Context\_macro\outdated\JPM\2026-09-01_Korea_ August exports rebound; trade surplus hits new record__GPS-5431816-0.pdf","432245","E3CD22EE2991B06FC694CF0BF2FA16ECFC3EBB8B17A1A3E9192F69713D4367AE","downloaded"
"JPM","GPS-5431617-0","2026-09-01","Taiwan: August PMI remained elevated despite moderate easing","https://markets.jpmorgan.com/research/content/GPS-5431617-0","C:\Users\infomax\Downloads\GPS-5431617-0.pdf","C:\Users\infomax\Documents\python\QAE\데일리시황\Context\_macro\outdated\JPM\2026-09-01_Taiwan_ August PMI remained elevated despite moderate easing__GPS-5431617-0.pdf","577592","3E46FCB1A15AAD4BA77ED1F18A956379D7BBD2A9DFD4BED7E04B0E51ABF14FA7","downloaded"
"JPM","GPS-5430409-0","2026-09-01","Korea: Manufacturing PMI expansion took a breather in August","https://markets.jpmorgan.com/research/content/GPS-5430409-0","C:\Users\infomax\Downloads\GPS-5430409-0.pdf","C:\Users\infomax\Documents\python\QAE\데일리시황\Context\_macro\outdated\JPM\2026-09-01_Korea_ Manufacturing PMI expansion took a breather in August__GPS-5430409-0.pdf","476045","3A7D42109205F32190B0542F9CC7485979350FEA3C07C189E7F41ADF5B6A49F9","downloaded"
"JPM","GPS-5431699-0","2026-09-01","Australia: 2Q GDP tracking 0.2%q/q","https://markets.jpmorgan.com/research/content/GPS-5431699-0","C:\Users\infomax\Downloads\GPS-5431699-0.pdf","C:\Users\infomax\Documents\python\QAE\데일리시황\Context\_macro\outdated\JPM\2026-09-01_Australia_ 2Q GDP tracking 0.2%q_q__GPS-5431699-0.pdf","407483","09779F68C94F6E6605EF1FFD52A9AC52D2A8E540B3C99C0B0CB6A26930CCD814","downloaded"
"JPM","GPS-5431504-0","2026-09-01","Japan: 2Q corporate survey shows strong profits and capex","https://markets.jpmorgan.com/research/content/GPS-5431504-0","C:\Users\infomax\Downloads\GPS-5431504-0.pdf","C:\Users\infomax\Documents\python\QAE\데일리시황\Context\_macro\outdated\JPM\2026-09-01_Japan_ 2Q corporate survey shows strong profits and capex__GPS-5431504-0.pdf","575308","9DF5B690DD9400C40FD08BA8F17651F7E034654A227A6D2BB51E0FB44D3E4D57","downloaded"
"JPM","GPS-5438947-0","2026-09-07","Japan: July CAI signals normalizing consumption momentum","https://markets.jpmorgan.com/research/content/GPS-5438947-0","C:\Users\infomax\Downloads\GPS-5438947-0.pdf","C:\Users\infomax\Documents\python\QAE\데일리시황\Context\_macro\outdated\JPM\2026-09-07_Japan_ July CAI signals normalizing consumption momentum__GPS-5438947-0.pdf","428428","89753E84185D5855CF459D64FC5512225D16E4863694062793C2426F44A71479","downloaded"
"JPM","GPS-5438994-0","2026-09-07","UK: REC jobs report shows further hiring lift","https://markets.jpmorgan.com/research/content/GPS-5438994-0","C:\Users\infomax\Downloads\GPS-5438994-0.pdf","C:\Users\infomax\Documents\python\QAE\데일리시황\Context\_macro\outdated\JPM\2026-09-07_UK_ REC jobs report shows further hiring lift__GPS-5438994-0.pdf","500530","9247C7070FFB8C1460380AE7F77AD5E30DA15BEB452E0375F27456A8B321C54F","downloaded"
