ticker,name,sector,industry,bucket,subbucket,close_2026-08-28,close_2026-08-31,close_2026-09-01,close_2026-09-02,close_2026-09-03,close_2026-09-04,one_day_return_2026-08-31,one_day_return_2026-09-01,one_day_return_2026-09-02,one_day_return_2026-09-03,one_day_return_2026-09-04,return5d,mcap20260902JPY,startMcapProxyJPY,mcapShareOfCapitalGoods,netContributionPp,downsideContributionPp
1414 JT Equity,SHO-BOND Holdings Co Ltd,Industrials,Capital Goods,Other,Other,1271.5,1276.5,1289.0,1263.0,1259.0,1262.5,0.003932363350373613,0.009792401096748948,-0.020170674941815347,-0.0031670625494854,0.0027799841143765214,-0.007078254030672415,276572649360.0,278433985480.0,0.0011336223740539,-8.02406713840745e-06,-8.02406713840745e-06
1417 JT Equity,MIRAIT ONE corp,Industrials,Capital Goods,AI_DC_Direct,Direct_Construction_HVAC,3614.0,3625.0,3696.0,3598.0,3609.0,3553.0,0.003043718871057033,0.019586206896551772,-0.02651515151515149,0.003057254030016665,-0.015516763646439502,-0.01687880464858882,328588533742.0,330049739006.0,0.0013437719107559421,-2.2681263573910475e-05,-2.2681263573910475e-05
1514 JT Equity,Sumiseki Holdings Inc,Industrials,Capital Goods,Other,Other,669.0,665.0,658.0,651.0,667.0,672.0,-0.005979073243647215,-0.010526315789473717,-0.010638297872340385,0.02457757296466978,0.007496251874062887,0.004484304932735439,43762077303.0,44972088657.0,0.0001831003705299216,8.210778947530141e-07,0.0
1518 JT Equity,Mitsui Matsushima Holdings Co,Industrials,Capital Goods,Other,Other,2362.0,2381.0,2374.0,2298.0,2310.0,2289.0,0.008044030482641906,-0.0029399412011760218,-0.03201347935973042,0.005221932114882533,-0.009090909090909038,-0.030906011854360704,150109956000.0,154290564000.0,0.00062818206317116,-1.9414602291064635e-05,-1.9414602291064635e-05
1716 JT Equity,Dai-Ichi Cutter Kogyo KK,Industrials,Capital Goods,Other,Other,1401.0,1404.0,1407.0,1372.0,1398.0,1400.0,0.0021413276231263545,0.002136752136752129,-0.02487562189054726,0.01895043731778423,0.0014306151645206988,-0.0007137758743754885,16464000000.0,16812000000.0,6.84487539110528e-05,-4.885706917277435e-08,-4.885706917277435e-08
1719 JT Equity,Hazama Ando Corp,Industrials,Capital Goods,Other,Other,1923.5,1921.0,1959.0,1920.5,1924.0,1916.0,-0.0012997140629061876,0.019781363872982904,-0.01965288412455335,0.0018224420723769175,-0.004158004158004158,-0.003899142188718452,347651208838.5,348194272429.5,0.0014176459711375757,-5.527603214729262e-06,-5.527603214729262e-06
1720 JT Equity,Tokyu Construction Co Ltd,Industrials,Capital Goods,Other,Other,1172.0,1184.0,1202.0,1166.0,1178.0,1170.0,0.010238907849829282,0.01520270270270263,-0.029950083194675514,0.010291595197255532,-0.006791171477079749,-0.0017064846416382506,124483565030.0,125124132260.0,0.0005094331987508186,-8.693399296089185e-07,-8.693399296089185e-07
1721 JT Equity,COMSYS Holdings Corp,Industrials,Capital Goods,Other,Other,5433.0,5463.0,5550.0,5416.0,5440.0,5401.0,0.005521811154058476,0.015925315760571213,-0.02414414414414412,0.004431314623338345,-0.007169117647058854,-0.005889931897662404,639088000000.0,641094000000.0,0.0026101644920207283,-1.537369109969867e-05,-1.537369109969867e-05
1762 JT Equity,Takamatsu Construction Group C,Industrials,Capital Goods,Other,Other,4100.0,4235.0,4320.0,4210.0,4180.0,4125.0,0.03292682926829271,0.02007083825265643,-0.02546296296296291,-0.0071258907363420665,-0.013157894736842146,0.0060975609756097615,146586213380.0,142756169800.0,0.0005812206718965422,3.544028487174041e-06,0.0
1780 JT Equity,Yamaura Corp,Industrials,Capital Goods,Other,Other,1495.0,1493.0,1490.0,1475.0,1481.0,1495.0,-0.0013377926421405117,-0.002009377093101117,-0.010067114093959773,0.004067796610169427,0.009453072248480687,0.0,30242683150.0,30652753430.0,0.00012480030788878478,0.0,0.0
1786 JT Equity,Oriental Shiraishi Corp,Industrials,Capital Goods,Other,Other,361.0,356.0,358.0,352.0,354.0,360.0,-0.013850415512465353,0.00561797752808979,-0.016759776536312887,0.005681818181818121,0.016949152542372836,-0.0027700831024930483,48860908800.00001,50110193400.00001,0.00020401976543372964,-5.651517048025698e-07,-5.651517048025698e-07
1801 JT Equity,Taisei Corp,Industrials,Capital Goods,Other,Other,12690.0,12570.0,12995.0,12605.0,12775.0,12690.0,-0.009456264775413725,0.03381066030230717,-0.03001154290111585,0.013486711622372027,-0.006653620352250478,0.0,2056957916560.0,2070828715680.0,0.0084312184839116,0.0,0.0
1802 JT Equity,Obayashi Corp,Industrials,Capital Goods,Other,Other,2990.5,2992.5,3065.0,3006.0,3049.0,3011.0,0.0006687844841999357,0.024227234753550597,-0.01924959216965738,0.014304723885562254,-0.012463102656608771,0.0068550409630496745,2079584906076.0,2068861830213.0,0.008423210462301923,5.7741452759468265e-05,0.0
1803 JT Equity,Shimizu Corp,Industrials,Capital Goods,Other,Other,2381.0,2388.0,2454.0,2396.0,2386.5,2370.5,0.0029399412011759107,0.027638190954773822,-0.023634881825590925,-0.0039649415692821766,-0.006704378797402044,-0.004409911801763977,1717187833548.0,1706437492353.0,0.006947627883575097,-3.0638426198042306e-05,-3.0638426198042306e-05
1810 JT Equity,Matsui Construction Co Ltd,Industrials,Capital Goods,Other,Other,1496.0,1479.0,1480.0,1468.0,1463.0,1460.0,-0.011363636363636354,0.0006761325219744041,-0.008108108108108136,-0.0034059945504086864,-0.002050580997949414,-0.024064171122994638,44891439999.99999,45747679999.99999,0.00018625813052115103,-4.482147525910049e-06,-4.482147525910049e-06
1812 JT Equity,Kajima Corp,Industrials,Capital Goods,Other,Other,4834.0,4838.0,5016.0,4881.0,4922.0,4938.0,0.0008274720728176366,0.036792062835882655,-0.026913875598086112,0.008399918049579957,0.003250711093051528,0.02151427389325611,2360724989691.0,2337993157174.0,0.009518957783793035,0.00020479346493886553,0.0
1813 JT Equity,Fudo Tetra Corp,Industrials,Capital Goods,Other,Other,2881.0,2846.0,2868.0,2792.0,2814.0,2846.0,-0.012148559527941694,0.007730147575544688,-0.02649930264993028,0.007879656160458381,0.011371712864250094,-0.012148559527941694,46038745424.0,47506312882.0,0.00019341826788493312,-2.349753341191483e-06,-2.349753341191483e-06
1815 JT Equity,Tekken Corp,Industrials,Capital Goods,Other,Other,4575.0,4550.0,4605.0,4465.0,4495.0,4470.0,-0.005464480874316946,0.012087912087912045,-0.030401737242128135,0.006718924972004547,-0.005561735261401579,-0.022950819672131195,66858713540.0,68505848700.0,0.00027891624905627624,-6.401356535717829e-06,-6.401356535717829e-06
1820 JT Equity,Nishimatsu Construction Co Ltd,Industrials,Capital Goods,Other,Other,5533.0,5573.0,5684.0,5627.0,5611.0,5617.0,0.007229351165732867,0.019917459178180552,-0.010028149190710822,-0.00284343344588589,0.0010693281055069725,0.015181637448039131,235160781754.0,231232380566.0,0.0009414447010248062,1.4292672128336201e-05,0.0
1822 JT Equity,Daiho Corp,Industrials,Capital Goods,Other,Other,829.0,831.0,836.0,829.0,827.0,828.0,0.0024125452352230514,0.006016847172081841,-0.00837320574162681,-0.0024125452352231624,0.0012091898428052694,-0.0012062726176115257,71307110635.0,71307110635.0,0.0002903213697337218,-3.5020671861726014e-07,-3.5020671861726014e-07
1833 JT Equity,Okumura Corp,Industrials,Capital Goods,Other,Other,5820.0,5830.0,5910.0,5770.0,5780.0,5780.0,0.0017182130584192379,0.013722126929674117,-0.02368866328257191,0.0017331022530329143,0.0,-0.0068728522336769515,223098354020.0,225031615320.0,0.0009161987663124779,-6.296898737542781e-06,-6.296898737542781e-06
1835 JT Equity,Totetsu Kogyo Co Ltd,Industrials,Capital Goods,Other,Other,4000.0,3985.0,4055.0,3960.0,3975.0,3975.0,-0.003750000000000031,0.017565872020075313,-0.023427866831072786,0.0037878787878788955,0.0,-0.006249999999999978,142956000000.0,144400000000.0,0.0005879133990456831,-3.6744587440355063e-06,-3.6744587440355063e-06
1852 JT Equity,Asanuma Corp,Industrials,Capital Goods,Other,Other,918.0,911.0,924.0,908.0,897.0,897.0,-0.007625272331154731,0.014270032930845167,-0.017316017316017285,-0.01211453744493396,0.0,-0.022875816993464082,73353951320.0,74161814220.0,0.00030194407394373043,-6.907217377797764e-06,-6.907217377797764e-06
1860 JT Equity,Toda Corp,Industrials,Capital Goods,Other,Other,1518.0,1533.5,1568.0,1534.5,1542.0,1515.0,0.010210803689064463,0.02249755461362901,-0.021364795918367374,0.004887585532746819,-0.017509727626459193,-0.0019762845849802257,487979740512.0,482732646528.0,0.001965408525281127,-3.884206571701809e-06,-3.884206571701809e-06
1861 JT Equity,Kumagai Gumi Co Ltd,Industrials,Capital Goods,Other,Other,1297.0,1292.0,1306.0,1282.0,1285.0,1291.0,-0.0038550501156514594,0.010835913312693402,-0.018376722817764146,0.002340093603744098,0.0046692607003890885,-0.004626060138781751,221968351680.0,224565485280.0,0.000914300954011829,-4.22961119820425e-06,-4.22961119820425e-06
1870 JT Equity,Yahagi Construction Co Ltd,Industrials,Capital Goods,Other,Other,2194.0,2226.0,2248.0,2167.0,2153.0,2137.0,0.014585232452142272,0.009883198562443907,-0.03603202846975084,-0.00646054453161049,-0.0074314909428704334,-0.025979945305378283,96664359319.0,97868760658.0,0.0003984650674434432,-1.0352100658284523e-05,-1.0352100658284523e-05
1871 JT Equity,PS Construction Co Ltd,Industrials,Capital Goods,Other,Other,2334.0,2296.0,2331.0,2245.0,2185.0,2185.0,-0.016281062553556103,0.015243902439024293,-0.03689403689403692,-0.026726057906458767,0.0,-0.06383890317052265,106606135105.0,110832391686.0,0.00045124548559888344,-2.8807016861282594e-05,-2.8807016861282594e-05
1879 JT Equity,Shinnihon Corp,Industrials,Capital Goods,Other,Other,2340.0,2349.0,2362.0,2291.0,2311.0,2273.0,0.0038461538461538325,0.005534269902085942,-0.030059271803556276,0.008729812309035356,-0.016443098225876196,-0.028632478632478642,140577409520.0,143584084800.0,0.0005845914635985568,-1.6738302590215093e-05,-1.6738302590215093e-05
1882 JT Equity,TOA ROAD CORP,Industrials,Capital Goods,Other,Other,1628.0,1625.0,1628.0,1601.0,1610.0,1609.0,-0.0018427518427518441,0.0018461538461538307,-0.016584766584766597,0.0056214865708932304,-0.0006211180124223725,-0.011670761670761642,80681962730.0,82042620440.0,0.0003340301651627094,-3.89838644845913e-06,-3.89838644845913e-06
1885 JT Equity,Toa Corp/Tokyo,Industrials,Capital Goods,Other,Other,2134.0,2118.0,2156.0,2087.0,2103.0,2087.0,-0.007497656982193068,0.01794145420207749,-0.03200371057513918,0.007666506947771934,-0.007608178792201659,-0.02202436738519209,183611162892.0,187746153144.0,0.0007643938992565125,-1.683529206422494e-05,-1.683529206422494e-05
1887 JT Equity,JDC Corp,Industrials,Capital Goods,Other,Other,550.0,552.0,554.0,542.0,544.0,551.0,0.0036363636363636598,0.0036231884057971175,-0.02166064981949456,0.0036900369003689537,0.012867647058823595,0.0018181818181817189,48376210000.0,49090250000.0,0.00019986714499655364,3.6339480908462315e-07,0.0
1888 JT Equity,Wakachiku Construction Co Ltd,Industrials,Capital Goods,Other,Other,3870.0,3810.0,3785.0,3710.0,3720.0,3675.0,-0.015503875968992276,-0.006561679790026198,-0.019815059445178362,0.0026954177897573484,-0.012096774193548376,-0.050387596899224785,48100124030.0,50174522910.0,0.00020428167804372298,-1.0293262847164332e-05,-1.0293262847164332e-05
1893 JT Equity,Penta-Ocean Construction Co Lt,Industrials,Capital Goods,Other,Other,1452.0,1455.5,1498.0,1432.5,1437.5,1445.5,0.002410468319559156,0.02919958777052556,-0.04372496662216285,0.003490401396160525,0.0055652173913043335,-0.004476584022038543,409714926075.0,415292197320.0,0.001690829967614624,-7.569142417007574e-06,-7.569142417007574e-06
1898 JT Equity,Seikitokyu Kogyo Co Ltd,Industrials,Capital Goods,Other,Other,1501.0,1494.0,1511.0,1491.0,1488.0,1495.0,-0.004663557628247883,0.011378848728246238,-0.013236267372600974,-0.002012072434607659,0.0047043010752687575,-0.003997335109926725,55799939936.99999,56174185006.99999,0.00022870883688425495,-9.142258636279367e-07,-9.142258636279367e-07
1899 JT Equity,Fukuda Corp,Industrials,Capital Goods,Other,Other,5030.0,4830.0,4795.0,4525.0,4450.0,4445.0,-0.03976143141153077,-0.007246376811594235,-0.056308654848800876,-0.016574585635359074,-0.0011235955056180247,-0.11630218687872762,81342404550.0,90420396660.0,0.00036813963118725434,-4.2815444183805916e-05,-4.2815444183805916e-05
1926 JT Equity,Raito Kogyo Co Ltd,Industrials,Capital Goods,Other,Other,3805.0,3835.0,3890.0,3790.0,3780.0,3805.0,0.007884362680683266,0.014341590612777066,-0.02570694087403602,-0.0026385224274406704,0.006613756613756516,0.0,162858005500.0,163502562250.0,0.000665687999481135,0.0,0.0
1929 JT Equity,Nittoc Construction Co Ltd,Industrials,Capital Goods,Other,Other,1181.0,1204.0,1212.0,1194.0,1198.0,1198.0,0.019475021168501305,0.006644518272425293,-0.014851485148514865,0.003350083752093891,0.0,0.014394580863674955,49903872372.0,49360530378.0,0.00020096757059021936,2.8928439458372172e-06,0.0
1930 JT Equity,Hokuriku Electrical Constructi,Industrials,Capital Goods,AI_Adjacent,Adjacent_Grid_Electrical,1544.0,1544.0,1568.0,1549.0,1564.0,1567.0,0.0,0.015544041450777257,-0.01211734693877553,0.009683666881859176,0.0019181585677749968,0.014896373056994872,46414222059.0,46264402104.0,0.0001883619244860034,2.8059094968770038e-06,0.0
1934 JT Equity,Yurtec Corp,Industrials,Capital Goods,AI_Adjacent,Adjacent_Grid_Electrical,2576.0,2565.0,2666.0,2568.0,2596.0,2590.0,-0.0042701863354037695,0.03937621832358684,-0.03675918979744941,0.010903426791277315,-0.0023112480739599928,0.005434782608695565,177683674416.0,178237206112.0,0.0007256789590146255,3.943907385948989e-06,0.0
1938 JT Equity,Nippon Rietec Co Ltd,Industrials,Capital Goods,Other,Other,2536.0,2534.0,2553.0,2480.0,2470.0,2528.0,-0.0007886435331230235,0.007498026835043303,-0.028593811202506814,-0.0040322580645161255,0.02348178137651824,-0.003154574132492094,62291938160.0,63698530312.0,0.0002593436251381052,-8.181186912873931e-07,-8.181186912873931e-07
1939 JT Equity,Yondenko Corp,Industrials,Capital Goods,AI_Adjacent,Adjacent_Grid_Electrical,2179.0,2252.0,2294.0,2227.0,2305.0,2292.0,0.03350160624139509,0.018650088809946785,-0.02920662598081958,0.035024696901661434,-0.00563991323210411,0.051858650757228064,108602795070.0,106262007390.0,0.00043263752045756505,2.2435998077881977e-05,0.0
1941 JT Equity,Chudenko Corp,Industrials,Capital Goods,AI_Adjacent,Adjacent_Grid_Electrical,5080.0,5060.0,5190.0,5160.0,5210.0,5140.0,-0.003937007874015741,0.025691699604743157,-0.005780346820809301,0.009689922480620172,-0.013435700575815779,0.011811023622047223,299992683720.0,295341634360.0,0.001202460554960491,1.4202290019218372e-05,0.0
1942 JT Equity,Kandenko Co Ltd,Industrials,Capital Goods,AI_Adjacent,Adjacent_Grid_Electrical,5474.0,5491.0,5797.0,5570.0,5681.0,5630.0,0.0031055900621117516,0.05572755417956654,-0.03915818526824222,0.019928186714542218,-0.00897729273015313,0.02849835586408478,1143456042660.0,1123748362212.0,0.004575254288781692,0.00013038722489038077,0.0
1944 JT Equity,Kinden Corp,Industrials,Capital Goods,AI_Adjacent,Adjacent_Grid_Electrical,6837.0,7012.0,7268.0,6998.0,7073.0,7047.0,0.025596021646921097,0.03650884198516824,-0.03714914694551463,0.010717347813661071,-0.003675950798812333,0.030715225976305494,1164846351640.0,1138047228660.0,0.004633471014376872,0.00014231810926124708,0.0
1945 JT Equity,Tokyo Energy & Systems Inc,Industrials,Capital Goods,AI_Adjacent,Adjacent_Grid_Electrical,2074.0,2056.0,2100.0,2050.0,2096.0,2104.0,-0.008678881388621051,0.021400778210116655,-0.023809523809523836,0.022439024390243922,0.003816793893129722,0.014464802314368308,68108691599.99999,68906061647.99998,0.00028054568502996574,4.058037874107491e-06,0.0
1946 JT Equity,Toenec Corp,Industrials,Capital Goods,AI_Adjacent,Adjacent_Grid_Electrical,2176.0,2190.0,2315.0,2199.0,2214.0,2226.0,0.006433823529411686,0.057077625570776336,-0.050107991360691106,0.006821282401091366,0.005420054200542035,0.022977941176470562,212533240050.0,210310291200.0,0.0008562620370753421,1.9675138719562066e-05,0.0
1950 JT Equity,Nippon Densetsu Kogyo Co Ltd,Industrials,Capital Goods,Other,Other,3965.0,3965.0,4065.0,3975.0,4000.0,3995.0,0.0,0.02522068095838592,-0.022140221402214055,0.0062893081761006275,-0.0012499999999999734,0.007566204287515754,236660445525.0,236065073335.0,0.0009611206347669549,7.2720350675935976e-06,0.0
1951 JT Equity,EXEO Group Inc,Industrials,Capital Goods,AI_DC_Direct,Direct_Construction_HVAC,2636.5,2642.5,2687.0,2625.0,2624.5,2610.5,0.0022757443580503356,0.016840113528855172,-0.02307406029028658,-0.00019047619047618536,-0.005334349399885641,-0.009861558884885269,539765199750.0,542129885387.0,0.002207239775914943,-2.1766825023246177e-05,-2.1766825023246177e-05
1952 JT Equity,Shin Nippon Air Technologies C,Industrials,Capital Goods,AI_DC_Direct,Direct_Construction_HVAC,3120.0,3200.0,3220.0,3125.0,3145.0,3135.0,0.02564102564102555,0.006250000000000089,-0.029503105590062084,0.006399999999999961,-0.0031796502384737746,0.004807692307692291,151763906250.0,151521084000.0,0.000616906340176776,2.9658958662344895e-06,0.0
1959 JT Equity,Kraftia Corp,Industrials,Capital Goods,AI_Adjacent,Adjacent_Grid_Electrical,8178.0,8146.0,8405.0,8096.0,8209.0,8095.0,-0.003912937148447093,0.03179474588755227,-0.03676383105294467,0.013957509881422858,-0.013887196978925598,-0.010149180728784568,573722724255.9999,579533651057.9999,0.002359526306474124,-2.394725891872741e-05,-2.394725891872741e-05
1961 JT Equity,Sanki Engineering Co Ltd,Industrials,Capital Goods,AI_Adjacent,Adjacent_Semicap_FA,2440.0,2428.0,2468.0,2388.0,2381.0,2394.0,-0.004918032786885296,0.016474464579901094,-0.03241491085899517,-0.002931323283082099,0.005459890802183898,-0.01885245901639343,373682521584.0,381819661920.0,0.0015545491361624707,-2.930707387847279e-05,-2.930707387847279e-05
1963 JT Equity,JGC Holdings Corp,Industrials,Capital Goods,Other,Other,2276.0,2356.5,2379.0,2352.0,2374.0,2344.0,0.03536906854130062,0.00954805856142582,-0.011349306431273631,0.009353741496598733,-0.01263689974726201,0.02987697715289972,574577154816.0,556010886208.0,0.0022637551940231843,6.763416221158875e-05,0.0
1964 JT Equity,Chugai Ro Co Ltd,Industrials,Capital Goods,Other,Other,4060.0,4040.0,4030.0,3955.0,3970.0,3965.0,-0.0049261083743842304,-0.0024752475247524774,-0.018610421836228297,0.0037926675094817064,-0.0012594458438287548,-0.023399014778325178,30849000000.0,31668000000.0,0.00012893380554694384,-3.0169240214186436e-06,-3.0169240214186436e-06
1968 JT Equity,Taihei Dengyo Kaisha Ltd,Industrials,Capital Goods,Other,Other,2481.0,2463.0,2513.0,2462.0,2483.0,2490.0,-0.00725513905683195,0.02030044660982533,-0.020294468762435347,0.008529650690495494,0.002819170358437484,0.0036275695284160303,160512404280.0,161751127140.0,0.0006585571672877274,2.388961912772938e-06,0.0
1969 JT Equity,Takasago Thermal Engineering C,Industrials,Capital Goods,AI_DC_Direct,Direct_Construction_HVAC,4318.0,4323.0,4401.0,4279.0,4272.0,4314.0,0.0011579434923576493,0.018043025676613533,-0.02772097250624861,-0.0016358962374386499,0.00983146067415741,-0.0009263547938860306,601108802316.0,606587475672.0,0.0024696738548536435,-2.2877942147786654e-06,-2.2877942147786654e-06
1975 JT Equity,Asahi Kogyosha Co Ltd,Industrials,Capital Goods,Other,Other,3905.0,3935.0,4020.0,3845.0,3855.0,3865.0,0.007682458386683688,0.021601016518424387,-0.04353233830845771,0.002600780234070177,0.0025940337224383825,-0.010243277848911658,104584000000.0,106216000000.0,0.00043245020493792435,-4.429707604997947e-06,-4.429707604997947e-06
1976 JT Equity,Meisei Industrial Co Ltd,Industrials,Capital Goods,Other,Other,1735.0,1720.0,1745.0,1699.0,1691.0,1700.0,-0.008645533141210415,0.014534883720930258,-0.026361031518624678,-0.004708652148322501,0.0053222945002957545,-0.02017291066282423,93644153382.0,95628373230.0,0.0003893435038148096,-7.854191719607119e-06,-7.854191719607119e-06
1979 JT Equity,Taikisha Ltd,Industrials,Capital Goods,AI_DC_Direct,Direct_Construction_HVAC,3875.0,3945.0,4070.0,3875.0,3895.0,3855.0,0.01806451612903226,0.03168567807351086,-0.04791154791154795,0.005161290322580614,-0.010269576379974277,-0.005161290322580614,245923069750.0,245923069750.0,0.0010012567024963372,-5.167776529013322e-06,-5.167776529013322e-06
1980 JT Equity,Dai-Dan Co Ltd,Industrials,Capital Goods,AI_DC_Direct,Direct_Construction_HVAC,2760.0,2755.0,2845.0,2732.0,2727.0,2737.0,-0.0018115942028985588,0.03266787658802173,-0.03971880492091384,-0.0018301610541727742,0.003667033370003736,-0.008333333333333304,376719321191.9999,380580280559.9999,0.0015495030910927232,-1.2912525759105981e-05,-1.2912525759105981e-05
1982 JT Equity,Hibiya Engineering Ltd,Industrials,Capital Goods,AI_DC_Direct,Direct_Construction_HVAC,2976.0,2953.0,3040.0,2936.0,2955.0,2992.0,-0.007728494623655879,0.02946156451066706,-0.03421052631578947,0.0064713896457766484,0.012521150592216479,0.005376344086021501,129184000000.0,130944000000.0,0.000533128338813282,2.8662813914692558e-06,0.0
2445 JT Equity,Takamiya Co Ltd,Industrials,Capital Goods,Other,Other,402.0,402.0,401.0,396.0,396.0,402.0,0.0,-0.0024875621890547706,-0.012468827930174564,0.0,0.015151515151515138,0.0,18447897600.0,18727411200.0,7.624720203544456e-05,0.0,0.0
256A JT Equity,TOBISHIMA HOLDINGS Inc,Industrials,Capital Goods,Other,Other,2181.0,2175.0,2182.0,2139.0,2108.0,2181.0,-0.0027510316368638543,0.003218390804597737,-0.019706691109074193,-0.01449275362318836,0.034629981024667966,0.0,41124131652.0,41931618108.0,0.00017072133053573266,0.0,0.0
2768 JT Equity,Sojitz Corp,Industrials,Capital Goods,Other,Other,5630.0,5604.0,5813.0,5659.0,5778.0,5762.0,-0.004618117229129637,0.03729478943611708,-0.0264923447445381,0.021028450256229014,-0.002769124264451417,0.02344582593250455,1188390000000.0,1182300000000.0,0.004813642740247307,0.00011285982978910257,0.0
3001 JT Equity,Katakura Industries Co Ltd,Industrials,Capital Goods,Other,Other,2964.0,3040.0,3040.0,3025.0,2994.0,2962.0,0.02564102564102555,0.0,-0.004934210526315819,-0.010247933884297566,-0.010688042752171056,-0.0006747638326585204,106525375000.0,104377260000.0,0.0004249639176570292,-2.8675028181983685e-07,-2.8675028181983685e-07
3023 JT Equity,Rasa Corp,Industrials,Capital Goods,Other,Other,2082.0,2073.0,2068.0,2024.0,2020.0,2026.0,-0.004322766570605152,-0.002411963338157297,-0.021276595744680882,-0.0019762845849802257,0.002970297029702973,-0.026897214217098897,23040888112.0,23701150716.0,9.649739666715779e-05,-2.5955111495489083e-06,-2.5955111495489083e-06
3036 JT Equity,Alconix Corp,Industrials,Capital Goods,Other,Other,3530.0,3385.0,3405.0,3310.0,3280.0,3300.0,-0.04107648725212465,0.005908419497784312,-0.027900146842878115,-0.009063444108761365,0.0060975609756097615,-0.06515580736543913,103121395000.0,109975385000.0,0.00044775624935393095,-2.9173919929576254e-05,-2.9173919929576254e-05
3064 JT Equity,MonotaRO Co Ltd,Industrials,Capital Goods,Other,Other,1918.5,1927.0,1902.0,1841.0,1869.0,1909.5,0.00443054469637727,-0.012973533990659036,-0.03207150368033651,0.015209125475285079,0.021669341894061,-0.004691164972634887,913422459600.0,951874518600.0,0.00387548326658656,-1.81805313522435e-05,-1.81805313522435e-05
3105 JT Equity,Nisshinbo Holdings Inc,Industrials,Capital Goods,Other,Other,2157.0,2293.5,2277.0,2282.5,2285.0,2239.0,0.06328233657858129,-0.007194244604316502,0.0024154589371980784,0.0010952902519167917,-0.020131291028446352,0.038015762633286876,386565202017.5,365310466923.0,0.0014873332293328706,5.654210700291844e-05,0.0
3106 JT Equity,Kurabo Industries Ltd,Industrials,Capital Goods,Other,Other,10850.0,11410.0,11390.0,11050.0,11210.0,10940.0,0.05161290322580636,-0.0017528483786152238,-0.02985074626865669,0.014479638009049722,-0.02408563782337203,0.008294930875575979,187850000000.0,184450000000.0,0.0007509738674098078,6.229276319528316e-06,0.0
3110 JT Equity,Nitto Boseki Co Ltd,Industrials,Capital Goods,Other,Other,3035.0,3200.0,3145.0,3140.0,2961.0,3060.0,0.054365733113673764,-0.017187500000000022,-0.0015898251192368873,-0.057006369426751635,0.033434650455927084,0.008237232289950658,592251288400.0,572446707100.0,0.002330672363875828,1.9198289653013602e-05,0.0
3167 JT Equity,TOKAI Holdings Corp,Industrials,Capital Goods,Other,Other,1295.0,1308.0,1324.0,1333.0,1332.0,1339.0,0.010038610038610063,0.012232415902140747,0.006797583081570968,-0.0007501875468867159,0.005255255255255165,0.03397683397683404,183748154141.0,178510022215.0,0.0007267897086159352,2.4694013265715218e-05,0.0
3176 JT Equity,Sanyo Trading Co Ltd,Industrials,Capital Goods,Other,Other,1193.0,1204.0,1189.0,1164.0,1165.0,1163.0,0.009220452640402277,-0.012458471760797396,-0.021026072329688783,0.0008591065292096189,-0.0017167381974249052,-0.025146689019279078,67529944224.00001,69212391288.00002,0.0002817928823975617,-7.086157981497766e-06,-7.086157981497766e-06
3232 JT Equity,Mie Kotsu Group Holdings Inc,Industrials,Capital Goods,Other,Other,623.0,617.0,617.0,608.0,618.0,601.0,-0.009630818619582704,0.0,-0.014586709886547866,0.016447368421052655,-0.027508090614886682,-0.035313001605136396,65239362464.0,66848886209.0,0.0002721700548029867,-9.61114158212793e-06,-9.61114158212793e-06
3302 JT Equity,Teikoku Sen-I Co Ltd,Industrials,Capital Goods,Other,Other,3375.0,3245.0,3140.0,3045.0,3025.0,3030.0,-0.03851851851851851,-0.03235747303543912,-0.030254777070063743,-0.006568144499178974,0.0016528925619834212,-0.10222222222222221,83994497999.99998,93097349999.99998,0.00037903863906264276,-3.874617199307015e-05,-3.874617199307015e-05
3388 JT Equity,Meiji Electric Industries Co L,Industrials,Capital Goods,AI_Adjacent,Adjacent_Semicap_FA,2130.0,2150.0,2161.0,2119.0,2117.0,2124.0,0.009389671361502261,0.005116279069767415,-0.01943544655252194,-0.0009438414346389923,0.003306565895134561,-0.0028169014084507005,27050772580.0,27191196600.0,0.00011070684776471899,-3.118502753935742e-07,-3.118502753935742e-07
3431 JT Equity,Miyaji Engineering Group Inc,Industrials,Capital Goods,Other,Other,1621.0,1609.0,1614.0,1590.0,1587.0,1577.0,-0.007402837754472591,0.003107520198881275,-0.014869888475836479,-0.0018867924528301883,-0.006301197227473243,-0.027143738433066056,44007727440.0,44865739736.0,0.0001826673791474427,-4.958275559831889e-06,-4.958275559831889e-06
3433 JT Equity,Tocalo Co Ltd,Industrials,Capital Goods,AI_Adjacent,Adjacent_Semicap_FA,2755.0,2771.0,2750.0,2690.0,2689.0,2724.0,0.005807622504537147,-0.007578491519307118,-0.021818181818181848,-0.0003717472118959231,0.013015991074748934,-0.011252268602540805,164628000000.0,168606000000.0,0.0006864662504120253,-7.724302636215146e-06,-7.724302636215146e-06
3443 JT Equity,KAWADA TECHNOLOGIES Inc,Industrials,Capital Goods,Other,Other,1409.0,1388.0,1390.0,1377.0,1347.0,1340.0,-0.014904187366926891,0.0014409221902016434,-0.009352517985611541,-0.02178649237472763,-0.0051967334818113775,-0.04897090134847415,72185961510.0,73863485670.0,0.00030072945239343355,-1.4726992345739487e-05,-1.4726992345739487e-05
4044 JT Equity,Central Glass Co Ltd,Industrials,Capital Goods,Other,Other,4475.0,4565.0,4630.0,4490.0,4425.0,4455.0,0.02011173184357551,0.014238773274917849,-0.030237580993520474,-0.014476614699331813,0.006779661016949046,-0.004469273743016755,116740000000.0,116350000000.0,0.0004737099998543298,-2.1171396641534272e-06,-2.1171396641534272e-06
4204 JT Equity,Sekisui Chemical Co Ltd,Industrials,Capital Goods,Other,Other,2640.5,2655.0,2679.5,2601.0,2601.5,2549.0,0.005491384207536365,0.009227871939736287,-0.029296510543011745,0.0001922337562476617,-0.02018066500096094,-0.03465252793031626,1054724448285.0,1070741986042.5,0.004359442939855758,-0.00015106571823397168,-0.00015106571823397168
4212 JT Equity,Sekisui Jushi Corp,Industrials,Capital Goods,Other,Other,2937.0,2925.0,2978.0,2919.0,2958.0,2931.0,-0.0040858018386108474,0.0181196581196581,-0.0198119543317663,0.013360739979445091,-0.009127789046653123,-0.002042900919305368,92863892562.0,93436537326.0,0.00038041961395005193,-7.771595790603543e-07,-7.771595790603543e-07
5011 JT Equity,Nichireki Group Co Ltd,Industrials,Capital Goods,Other,Other,2251.0,2247.0,2297.0,2280.0,2267.0,2272.0,-0.0017769880053309928,0.022251891410769886,-0.0074009577710056895,-0.0057017543859648745,0.002205558006175501,0.009329187027987462,72243977400.0,71325084705.0,0.0002903945497654973,2.709145066670537e-06,0.0
5074 JT Equity,Tess Holdings Co Ltd,Industrials,Capital Goods,Other,Other,634.0,650.0,637.0,630.0,605.0,588.0,0.025236593059936974,-0.020000000000000018,-0.01098901098901095,-0.03968253968253965,-0.028099173553719048,-0.0725552050473186,44587134900.0,44870227820.0,0.00018268565203331282,-1.3254794942480109e-05,-1.3254794942480109e-05
5076 JT Equity,INFRONEER Holdings Inc,Industrials,Capital Goods,Other,Other,2858.0,2855.0,2922.0,2849.5,2755.5,2739.0,-0.0010496850944716751,0.02346760070052545,-0.024811772758384643,-0.03298824355150032,-0.005988023952095856,-0.04163750874737582,783170895888.0,785507078592.0,0.003198131139539247,-0.0001331622132978204,-0.0001331622132978204
5186 JT Equity,Nitta Corp,Industrials,Capital Goods,Other,Other,6730.0,6740.0,6750.0,6650.0,6590.0,6720.0,0.0014858841010401136,0.0014836795252226587,-0.014814814814814836,-0.009022556390977488,0.019726858877086473,-0.0014858841010401136,194662144950.0,197003945190.0,0.0008020862814547254,-1.1918072532759622e-06,-1.1918072532759622e-06
5192 JT Equity,Mitsuboshi Belting Ltd,Industrials,Capital Goods,Other,Other,4405.0,4450.0,4475.0,4415.0,4405.0,4355.0,0.010215664018161208,0.00561797752808979,-0.013407821229050265,-0.0022650056625141968,-0.011350737797956922,-0.011350737797956922,137325034170.0,137013992190.0,0.0005578418411720331,-6.331916471873278e-06,-6.331916471873278e-06
5195 JT Equity,Bando Chemical Industries Ltd,Industrials,Capital Goods,Other,Other,2493.0,2500.0,2516.0,2459.0,2478.0,2465.0,0.0028078620136382515,0.006399999999999961,-0.02265500794912556,0.007726718178121095,-0.00524616626311547,-0.011231448054552784,108721085024.0,110224345248.0,0.0004487698716920815,-5.040335502357931e-06,-5.040335502357931e-06
5201 JT Equity,AGC Inc,Industrials,Capital Goods,Other,Other,5729.0,5737.0,5855.0,5653.0,5688.0,5591.0,0.0013964042590330905,0.02056824124106682,-0.0345004269854825,0.0061914027949760975,-0.017053445850914173,-0.024087973468319035,1229158251693.0,1245683287449.0,0.0050717028785217605,-0.00012216704437702943,-0.00012216704437702943
5262 JT Equity,Nippon Hume Corp,Industrials,Capital Goods,Other,Other,1155.0,1161.0,1160.0,1125.0,1120.0,1127.0,0.0051948051948051965,-0.0008613264427217437,-0.030172413793103425,-0.004444444444444473,0.006250000000000089,-0.024242424242424288,66031875000.0,67792725000.0,0.0002760128212279727,-6.691219908556926e-06,-6.691219908556926e-06
5302 JT Equity,Nippon Carbon Co Ltd,Industrials,Capital Goods,Other,Other,5190.0,5240.0,5280.0,5040.0,5010.0,4995.0,0.009633911368015502,0.007633587786259444,-0.045454545454545414,-0.005952380952380931,-0.0029940119760478723,-0.037572254335260125,59635820160.0,61410695760.0,0.0002500288842245285,-9.394148829245293e-06,-9.394148829245293e-06
5310 JT Equity,Toyo Tanso Co Ltd,Industrials,Capital Goods,AI_Adjacent,Adjacent_Semicap_FA,6950.0,6840.0,6880.0,6750.0,6740.0,6930.0,-0.015827338129496438,0.005847953216374213,-0.018895348837209336,-0.001481481481481528,0.028189910979228516,-0.0028776978417266452,141699969000.0,145898486600.0,0.0005940143710015724,-1.7093938733858356e-06,-1.7093938733858356e-06
5331 JT Equity,Noritake Co Ltd,Industrials,Capital Goods,Other,Other,3660.0,3695.0,3655.0,3520.0,3505.0,3500.0,0.0095628415300546,-0.010825439783491153,-0.0369357045143639,-0.0042613636363636465,-0.0014265335235378318,-0.04371584699453557,197848625920.0,205717605360.0,0.0008375632729275349,-3.661478788754255e-05,-3.661478788754255e-05
5332 JT Equity,TOTO Ltd,Industrials,Capital Goods,Other,Other,6345.0,6405.0,6240.0,5896.0,5909.0,5907.0,0.009456264775413725,-0.025761124121779888,-0.055128205128205154,0.002204884667571294,-0.00033846674564219636,-0.06903073286052008,980849108712.0,1055544028965.0,0.004297565636504073,-0.0002966641054040636,-0.0002966641054040636
5333 JT Equity,NGK Corp,Industrials,Capital Goods,AI_Adjacent,Adjacent_Semicap_FA,5285.0,5323.0,5360.0,5144.0,5121.0,5244.0,0.007190160832544867,0.006950967499530281,-0.040298507462686595,-0.004471228615863132,0.02401874633860568,-0.007757805108798532,1471150543424.0,1511475626360.0,0.006153855769169048,-4.774041372486896e-05,-4.774041372486896e-05
5393 JT Equity,Nichias Corp,Industrials,Capital Goods,Other,Other,3414.0,3478.0,3440.0,3306.0,3280.0,3307.0,0.018746338605741153,-0.010925819436457762,-0.038953488372093004,-0.007864488808227432,0.008231707317073234,-0.031341534856473396,631398892806.0,652025353914.0,0.0026546706515480903,-8.320145275795142e-05,-8.320145275795142e-05
543A JT Equity,ARCHION Corp,Industrials,Capital Goods,Other,Other,275.0,276.0,289.0,279.0,282.0,280.0,0.0036363636363636598,0.047101449275362306,-0.03460207612456745,0.010752688172043001,-0.007092198581560294,0.018181818181818077,720118489266.0,709794209850.0,0.002889872067422842,5.254312849859682e-05,0.0
544A JT Equity,GMS Group Co Ltd,Industrials,Capital Goods,Other,Other,345.0,348.0,347.0,348.0,343.0,341.0,0.008695652173912993,-0.002873563218390829,0.0028818443804035088,-0.014367816091954033,-0.005830903790087438,-0.011594202898550732,24685108560.0,24472305900.0,9.96370951811269e-05,-1.1552126977521968e-06,-1.1552126977521968e-06
5631 JT Equity,Japan Steel Works Ltd/The,Industrials,Capital Goods,Defense,Defense,7819.0,7380.0,7398.0,7061.0,7288.0,7303.0,-0.05614528712111522,0.0024390243902439046,-0.045552852122195175,0.03214842090355474,0.002058177826564256,-0.06599309374600337,525538240422.0001,581954893338.0001,0.0023693842066039583,-0.00015636299406671485,-0.00015636299406671485
5659 JT Equity,Nippon Seisen Co Ltd,Industrials,Capital Goods,Other,Other,1448.0,1430.0,1449.0,1393.0,1403.0,1402.0,-0.012430939226519389,0.01328671328671338,-0.03864734299516903,0.007178750897343766,-0.0007127583749109156,-0.03176795580110492,43552409670.0,45271995120.0,0.00018432141643060095,-5.8555146103643855e-06,-5.8555146103643855e-06
5715 JT Equity,Furukawa Co Ltd,Industrials,Capital Goods,Other,Other,4460.0,4465.0,4525.0,4235.0,4260.0,4240.0,0.0011210762331839152,0.013437849944008873,-0.06408839779005526,0.005903187721369552,-0.0046948356807511304,-0.04932735426008972,137830480480.0,145153233280.0,0.0005909801299176992,-2.9151486229124193e-05,-2.9151486229124193e-05
575A JT Equity,Maezawa Holdings Co Ltd,Industrials,Capital Goods,Other,Other,1934.0,1901.0,1919.0,1883.0,1872.0,1903.0,-0.01706308169596693,0.009468700683850528,-0.01875977071391355,-0.005841741901221442,0.016559829059829,-0.016028955532574996,72029962144.0,73980853312.0,0.0003012073056437535,-4.8280385082504496e-06,-4.8280385082504496e-06
5801 JT Equity,Furukawa Electric Co Ltd,Industrials,Capital Goods,AI_DC_Direct,Direct_Cable,3903.0,4020.0,3858.0,3752.0,3613.0,3844.0,0.02997694081475788,-0.040298507462686595,-0.027475375842405336,-0.03704690831556501,0.0639357874342652,-0.015116576992057373,2651422725840.0,2758129770510.0,0.011229511415440608,-0.00016975177389469512,-0.00016975177389469512
5803 JT Equity,Fujikura Ltd,Industrials,Capital Goods,AI_DC_Direct,Direct_Cable,5340.0,5504.0,5298.0,5090.0,4951.0,5053.0,0.030711610486891416,-0.03742732558139539,-0.03926009815024534,-0.027308447937131608,0.020601898606342095,-0.05374531835205998,9035668877340.0,9479464008840.0,0.038594902400057765,-0.0020742953162577885,-0.0020742953162577885
5805 JT Equity,SWCC Corp,Industrials,Capital Goods,AI_DC_Direct,Direct_Cable,14670.0,14950.0,14360.0,13380.0,13570.0,13740.0,0.019086571233810412,-0.039464882943143764,-0.06824512534818938,0.01420029895366226,0.012527634487840889,-0.06339468302658491,412463400180.0,452230050870.0,0.0018412195731134617,-0.00011672353121987188,-0.00011672353121987188
5821 JT Equity,Hirakawa Hewtech Corp,Industrials,Capital Goods,AI_DC_Direct,Direct_Cable,3265.0,3220.0,3190.0,3050.0,2980.0,3055.0,-0.013782542113323082,-0.009316770186335366,-0.043887147335423204,-0.022950819672131195,0.025167785234899265,-0.06431852986217457,53764790000.0,57554767000.0,0.00023432976937847862,-1.5071746269366156e-05,-1.5071746269366156e-05
5851 JT Equity,Ryobi Ltd,Industrials,Capital Goods,Other,Other,2776.0,2784.0,2842.0,2771.0,2777.0,2751.0,0.0028818443804035088,0.02083333333333326,-0.024982406755805764,0.0021652832912306685,-0.009362621534029558,-0.009005763688760826,88144044140.99998,88303091495.99998,0.00035951918744913644,-3.23774484374223e-06,-3.23774484374223e-06
5911 JT Equity,Yokogawa Bridge Holdings Corp,Industrials,Capital Goods,Other,Other,2990.0,2966.0,3005.0,2975.0,2983.0,2987.0,-0.008026755852842848,0.0131490222521915,-0.009983361064891838,0.0026890756302520025,0.001340931947703572,-0.0010033444816053283,128415285950.0,129062757980.0,0.0005254690078547933,-5.272264292857337e-07,-5.272264292857337e-07
5929 JT Equity,Sanwa Holdings Corp,Industrials,Capital Goods,Other,Other,3586.0,3637.0,3682.0,3572.0,3580.0,3583.0,0.014221974344673649,0.012372834753918038,-0.029875067897881635,0.002239641657334923,0.0008379888268157387,-0.0008365867261572735,782268000000.0,785334000000.0,0.003197426463477441,-2.6749245372092213e-06,-2.6749245372092213e-06
5930 JT Equity,Bunka Shutter Co Ltd,Industrials,Capital Goods,Other,Other,1888.0,1906.0,1924.0,1905.0,1913.0,1907.0,0.009533898305084776,0.009443861490031402,-0.009875259875259834,0.004199475065616909,-0.003136434918975417,0.010063559322033955,137534307735.0,136306967456.0,0.0005549632448107082,5.584905535701014e-06,0.0
5932 JT Equity,Sankyo Tateyama Inc,Industrials,Capital Goods,Other,Other,669.0,673.0,669.0,652.0,647.0,649.0,0.005979073243647326,-0.005943536404160454,-0.025411061285500747,-0.0076687116564416735,0.0030911901081915882,-0.029895366218236186,20573618108.0,21110046801.0,8.59479180664083e-05,-2.5694444862902343e-06,-2.5694444862902343e-06
5933 JT Equity,Alinco Inc,Industrials,Capital Goods,Other,Other,1142.0,1139.0,1138.0,1124.0,1125.0,1129.0,-0.0026269702276707774,-0.0008779631255487752,-0.012302284710017597,0.000889679715302405,0.003555555555555534,-0.011383537653239961,23648202424.0,24026910292.0,9.782370151201818e-05,-1.113579789541366e-06,-1.113579789541366e-06
5938 JT Equity,Lixil Corp,Industrials,Capital Goods,Other,Other,1758.5,1771.0,1794.0,1758.5,1762.0,1758.5,0.007108330963889742,0.01298701298701288,-0.01978818283166106,0.0019903326698891277,-0.0019863791146425003,0.0,505858083039.0,505858083039.0,0.0020595619462201653,0.0,0.0
5957 JT Equity,Nitto Seiko Co Ltd,Industrials,Capital Goods,Other,Other,778.0,784.0,790.0,775.0,770.0,774.0,0.007712082262210762,0.007653061224489832,-0.01898734177215189,-0.006451612903225823,0.0051948051948051965,-0.005141388174807249,30988388175.0,31108343226.0,0.00012665520640358318,-6.511835804811538e-07,-6.511835804811538e-07
5959 JT Equity,Okabe Co Ltd,Industrials,Capital Goods,Other,Other,943.0,963.0,969.0,953.0,952.0,952.0,0.021208907741251393,0.006230529595015577,-0.016511867905056765,-0.0010493179433368471,0.0,0.009544008483563182,45067972296.0,44595065976.0,0.0001815653519294782,1.7328612591360747e-06,0.0
6005 JT Equity,Miura Co Ltd,Industrials,Capital Goods,Other,Other,3225.0,3210.0,3239.0,3148.0,3187.0,3181.0,-0.0046511627906976605,0.00903426791277262,-0.028095091077493084,0.012388818297331738,-0.0018826482585503346,-0.013643410852713145,394416420576.0,404063836200.0,0.0016451145662865659,-2.244497392763061e-05,-2.244497392763061e-05
6013 JT Equity,Takuma Co Ltd,Industrials,Capital Goods,Other,Other,3055.0,3020.0,3045.0,2950.0,2996.0,3010.0,-0.011456628477905073,0.008278145695364225,-0.031198686371100126,0.015593220338983027,0.004672897196261738,-0.014729950900163713,223282845000.0,231230200500.0,0.0009414358250551926,-1.3867303478718102e-05,-1.3867303478718102e-05
6101 JT Equity,Tsugami Corp,Industrials,Capital Goods,Other,Other,5240.0,5320.0,5250.0,5040.0,5030.0,5180.0,0.01526717557251911,-0.013157894736842146,-0.040000000000000036,-0.001984126984126977,0.02982107355864816,-0.011450381679389277,241920000000.0,251520000000.0,0.0010240441698612895,-1.172569660146511e-05,-1.172569660146511e-05
6103 JT Equity,OKUMA Corp,Industrials,Capital Goods,Other,Other,4805.0,4800.0,4770.0,4540.0,4585.0,4630.0,-0.0010405827263267886,-0.006249999999999978,-0.048218029350104774,0.009911894273127775,0.009814612868048078,-0.03642039542143605,306496798320.0,324387029940.0,0.0013207166300440386,-4.810102190587035e-05,-4.810102190587035e-05
6104 JT Equity,Shibaura Machine Co Ltd,Industrials,Capital Goods,Other,Other,4460.0,4500.0,4495.0,4450.0,4505.0,4485.0,0.008968609865470878,-0.0011111111111110628,-0.010011123470522798,0.012359550561797716,-0.004439511653718142,0.005605381165919354,110450806700.0,110699010760.0,0.00045070243550489087,2.526358943413098e-06,0.0
6113 JT Equity,Amada Co Ltd,Industrials,Capital Goods,Other,Other,2578.0,2587.5,2579.0,2453.5,2475.5,2508.5,0.003685027152831699,-0.003285024154589422,-0.04866227219852659,0.00896678214795199,0.013330640274691996,-0.026958882854926314,778867051609.5,818389753026.0,0.0033320103978232186,-8.982727798631258e-05,-8.982727798631258e-05
6118 JT Equity,Aida Engineering Ltd,Industrials,Capital Goods,Other,Other,1318.0,1180.0,1224.0,1183.0,1205.0,1250.0,-0.1047040971168437,0.03728813559322042,-0.03349673202614378,0.018596787827557026,0.03734439834024905,-0.0515933232169955,70580170843.0,78634543678.0,0.00032015444498711363,-1.651783175957796e-05,-1.651783175957796e-05
6134 JT Equity,Fuji Corp/Aichi,Industrials,Capital Goods,AI_Adjacent,Adjacent_Semicap_FA,7044.0,7134.0,7030.0,6830.0,6853.0,6886.0,0.0127768313458263,-0.014578076815250918,-0.028449502133712667,0.0033674963396779223,0.0048154093097914075,-0.022430437251561575,668136198840.0,689070480912.0,0.0028054970125693727,-6.292852469988077e-05,-6.292852469988077e-05
6135 JT Equity,Makino Milling Machine Co Ltd,Industrials,Capital Goods,Other,Other,15240.0,15350.0,15880.0,15310.0,15380.0,15380.0,0.0072178477690287846,0.034527687296416865,-0.035894206549118346,0.004572175048987548,0.0,0.009186351706036655,381124705709.9999,379382136839.9999,0.0015446249418754764,1.4189467969984552e-05,0.0
6136 JT Equity,OSG Corp,Industrials,Capital Goods,Other,Other,3706.0,3713.0,3700.0,3567.0,3588.0,3600.0,0.0018888289260658997,-0.003501211957985473,-0.03594594594594591,0.005887300252312766,0.0033444816053511683,-0.028602266594711323,342950702438.9999,356314915401.9999,0.0014507085390904762,-4.149355238628999e-05,-4.149355238628999e-05
6140 JT Equity,Asahi Diamond Industrial Co Lt,Industrials,Capital Goods,AI_Adjacent,Adjacent_Semicap_FA,1214.0,1217.0,1198.0,1153.0,1166.0,1160.0,0.0024711696869852418,-0.01561216105176666,-0.037562604340567574,0.011274934952298254,-0.005145797598627766,-0.04448105436573313,55839790000.0,58794020000.0,0.00023937529184044233,-1.0647665370167949e-05,-1.0647665370167949e-05
6141 JT Equity,DMG Mori Co Ltd,Industrials,Capital Goods,Other,Other,3045.0,2990.0,2980.0,2841.0,2860.0,2877.5,-0.01806239737274218,-0.0033444816053511683,-0.04664429530201342,0.006687785990848294,0.006118881118881037,-0.05500821018062396,446962978494.0,479057469030.0,0.001950445325177627,-0.00010729050639318636,-0.00010729050639318636
6143 JT Equity,Sodick Co Ltd,Industrials,Capital Goods,Other,Other,1706.0,1764.0,1741.0,1708.0,1719.0,1728.0,0.03399765533411481,-0.0130385487528345,-0.01895462377943713,0.0064402810304449165,0.005235602094240788,0.01289566236811246,93585144212.0,93475559734.0,0.0003805784906572973,4.907811720082348e-06,0.0
6151 JT Equity,Nitto Kohki Co Ltd,Industrials,Capital Goods,Other,Other,1759.0,1746.0,1756.0,1740.0,1721.0,1727.0,-0.007390562819784008,0.00572737686139746,-0.009111617312072884,-0.01091954022988506,0.0034863451481697005,-0.01819215463331436,33328821300.0,33692756705.0,0.00013717744541312865,-2.4955532991586764e-06,-2.4955532991586764e-06
6157 JT Equity,NS Tool Co Ltd,Industrials,Capital Goods,Other,Other,849.0,847.0,842.0,818.0,818.0,838.0,-0.002355712603062443,-0.005903187721369552,-0.028503562945368155,0.0,0.02444987775061125,-0.012956419316843326,20478657812.0,21254743866.0,8.653704094255847e-05,-1.1212101888906264e-06,-1.1212101888906264e-06
6167 JT Equity,Fuji Die Co Ltd,Industrials,Capital Goods,Other,Other,1038.0,1049.0,1040.0,1012.0,1003.0,1003.0,0.010597302504816941,-0.008579599618684486,-0.02692307692307694,-0.008893280632411016,0.0,-0.033718689788053924,20240000000.0,20760000000.0,8.45227296688946e-05,-2.8499957017449987e-06,-2.8499957017449987e-06
6222 JT Equity,Shima Seiki Manufacturing Ltd,Industrials,Capital Goods,Other,Other,986.0,966.0,938.0,927.0,938.0,953.0,-0.020283975659229236,-0.02898550724637683,-0.011727078891258014,0.011866235167206085,0.015991471215351716,-0.03346855983772823,32259600000.0,34312800000.0,0.00013970190359262268,-4.675621519834232e-06,-4.675621519834232e-06
6237 JT Equity,Iwaki Co Ltd,Industrials,Capital Goods,Other,Other,4045.0,4135.0,4110.0,3925.0,3975.0,4005.0,0.02224969097651419,-0.006045949214026569,-0.045012165450121655,0.01273885350318471,0.007547169811320753,-0.00988875154511748,88276821750.0,90975730950.0,0.00037040063167229954,-3.662799818761943e-06,-3.662799818761943e-06
6240 JT Equity,Yamashin-Filter Corp,Industrials,Capital Goods,Other,Other,537.0,543.0,538.0,534.0,536.0,539.0,0.011173184357541999,-0.009208103130755041,-0.0074349442379182396,0.0037453183520599342,0.005597014925373234,0.003724394785847407,37347147252.0,37556962686.0,0.00015291026032242486,5.694981762474088e-07,0.0
6247 JT Equity,Hisaka Works Ltd,Industrials,Capital Goods,Other,Other,1793.0,1819.0,1824.0,1741.0,1748.0,1700.0,0.014500836586726074,0.002748763056624526,-0.04550438596491224,0.004020677771395809,-0.027459954233409634,-0.05186837702175129,50023804800.00001,51517910400.00001,0.00020975117600412015,-1.0879453077737416e-05,-1.0879453077737416e-05
6250 JT Equity,YAMABIKO Corp,Industrials,Capital Goods,Other,Other,4285.0,4410.0,4425.0,4390.0,4480.0,4530.0,0.029171528588098017,0.00340136054421758,-0.00790960451977396,0.0205011389521641,0.01116071428571419,0.05717619603267221,193635998920.0,189004613980.0,0.0007695176249328188,4.3998090573755176e-05,0.0
6254 JT Equity,Nomura Micro Science Co Ltd,Industrials,Capital Goods,AI_Adjacent,Adjacent_Semicap_FA,3570.0,3530.0,3485.0,3315.0,3380.0,3455.0,-0.011204481792717047,-0.012747875354107596,-0.04878048780487809,0.019607843137254832,0.022189349112426093,-0.03221288515406162,134615520000.0,144970560000.0,0.0005902363898279511,-1.9013217039275735e-05,-1.9013217039275735e-05
6258 JT Equity,Hirata Corp,Industrials,Capital Goods,AI_Adjacent,Adjacent_Semicap_FA,3500.0,3580.0,3505.0,3400.0,3385.0,3455.0,0.02285714285714291,-0.020949720670391025,-0.029957203994293913,-0.004411764705882337,0.02067946824224509,-0.0128571428571429,109712118000.0,112938945000.0,0.0004598221540137358,-5.911999123033766e-06,-5.911999123033766e-06
6262 JT Equity,Pegasus Co Ltd,Industrials,Capital Goods,Other,Other,537.0,538.0,540.0,526.0,522.0,522.0,0.0018621973929235924,0.0037174721189590088,-0.025925925925925908,-0.0076045627376425395,0.0,-0.027932960893854775,13059843600.0,13332958200.0,5.4284105087922526e-05,-1.516315784578843e-06,-1.516315784578843e-06
6264 JT Equity,Marumae Co Ltd,Industrials,Capital Goods,AI_Adjacent,Adjacent_Semicap_FA,2052.0,2000.0,1953.0,1870.0,1885.0,1927.0,-0.025341130604288553,-0.023499999999999965,-0.042498719918074745,0.008021390374331583,0.022281167108753275,-0.060916179337231924,53151384000.00001,58324406400.00001,0.0002374632964954695,-1.4465356755328297e-05,-1.4465356755328297e-05
6268 JT Equity,Nabtesco Corp,Industrials,Capital Goods,AI_Adjacent,Adjacent_Semicap_FA,4706.0,4611.0,4586.0,4325.0,4394.0,4457.0,-0.02018699532511692,-0.0054218173931901426,-0.05691234191016137,0.015953757225433574,0.014337733272644426,-0.05291117722056948,510629823175.0,555612473494.0,0.0022621330875625834,-0.00011969212469253788,-0.00011969212469253788
6272 JT Equity,Rheon Automatic Machinery Co L,Industrials,Capital Goods,Other,Other,1565.0,1572.0,1573.0,1548.0,1558.0,1546.0,0.004472843450479269,0.0006361323155217313,-0.015893197711379536,0.006459948320413522,-0.007702182284980763,-0.012140575079872207,43950816000.0,44433480000.0,0.0001809074671622464,-2.1963206875927683e-06,-2.1963206875927683e-06
6273 JT Equity,SMC Corp,Industrials,Capital Goods,AI_Adjacent,Adjacent_Semicap_FA,70300.0,70710.0,69850.0,66500.0,67020.0,67140.0,0.005832147937411047,-0.012162353273935778,-0.04795991410164635,0.007819548872180393,0.001790510295434089,-0.044950213371266035,4247312373500.0,4490015937700.0,0.01828075160458793,-0.0008217236852133414,-0.0008217236852133414
6277 JT Equity,Hosokawa Micron Corp,Industrials,Capital Goods,Other,Other,5600.0,5590.0,5530.0,5310.0,5460.0,5420.0,-0.0017857142857142794,-0.01073345259391767,-0.039783001808318286,0.02824858757062154,-0.0073260073260073,-0.03214285714285714,83529156779.99998,88091012799.99998,0.0003586557254890912,-1.1528219747863646e-05,-1.1528219747863646e-05
6278 JT Equity,Union Tool Co,Industrials,Capital Goods,AI_Adjacent,Adjacent_Semicap_FA,14370.0,14120.0,13810.0,13220.0,13330.0,13430.0,-0.01739735560194855,-0.0219546742209632,-0.042722664735698745,0.008320726172466042,0.0075018754688671585,-0.06541405706332637,261491600000.0,284238600000.0,0.0011572554118143095,-7.57007715452645e-05,-7.57007715452645e-05
6279 JT Equity,Zuiko Corp,Industrials,Capital Goods,Other,Other,929.0,930.0,930.0,920.0,919.0,924.0,0.0010764262648008671,0.0,-0.010752688172043001,-0.0010869565217391797,0.005440696409140466,-0.005382131324004336,26496000000.0,26755200000.0,0.00010893172142761122,-5.862848300732607e-07,-5.862848300732607e-07
6282 JT Equity,Oiles Corp,Industrials,Capital Goods,Other,Other,2936.0,2935.0,2990.0,2900.0,2895.0,2880.0,-0.00034059945504083533,0.01873935264054505,-0.030100334448160515,-0.0017241379310344307,-0.005181347150259086,-0.019073569482288777,96571464500.0,97770282680.0,0.0003980641219948482,-7.592503689275014e-06,-7.592503689275014e-06
6284 JT Equity,Nissei ASB Machine Co Ltd,Industrials,Capital Goods,Other,Other,8950.0,8950.0,8800.0,8410.0,8570.0,8660.0,0.0,-0.016759776536312887,-0.04431818181818181,0.019024970273483932,0.010501750291715295,-0.03240223463687153,126075218280.0,134170416600.0,0.0005462644437304802,-1.7700188679535124e-05,-1.7700188679535124e-05
6289 JT Equity,Giken Ltd,Industrials,Capital Goods,Other,Other,1953.0,1931.0,1898.0,1833.0,1874.0,1876.0,-0.01126472094214026,-0.01708959088555151,-0.03424657534246578,0.02236770321876702,0.0010672358591248265,-0.03942652329749108,47596279224.0,50712238584.0,0.00020647094570038142,-8.140431550911104e-06,-8.140431550911104e-06
6291 JT Equity,Airtech Japan Ltd,Industrials,Capital Goods,AI_Adjacent,Adjacent_Semicap_FA,1386.0,1374.0,1382.0,1341.0,1344.0,1348.0,-0.008658008658008698,0.005822416302765587,-0.02966714905933432,0.0022371364653244186,0.0029761904761904656,-0.02741702741702745,14132021220.0,14606250120.0,5.946821437230344e-05,-1.6304416638871092e-06,-1.6304416638871092e-06
6301 JT Equity,Komatsu Ltd,Industrials,Capital Goods,Other,Other,7538.0,7438.0,7507.0,7400.0,7513.0,7493.0,-0.013266118333775556,0.009276687281527307,-0.014253363527374496,0.01527027027027028,-0.002662052442433116,-0.005969753250198995,6884520588000.0,7012907593560.0,0.028552509283401254,-0.0001704514350959216,-0.0001704514350959216
6302 JT Equity,Sumitomo Heavy Industries Ltd,Industrials,Capital Goods,AI_Adjacent,Adjacent_Semicap_FA,5673.0,5761.0,5779.0,5499.0,5779.0,5830.0,0.015512074739996384,0.0031244575594515656,-0.048451289150372,0.05091834879068924,0.008825056238103368,0.02767495152476651,675857240019.0,697242793713.0,0.002838769950221038,7.856282076233106e-05,0.0
6305 JT Equity,Hitachi Construction Machinery,Industrials,Capital Goods,Other,Other,5824.0,5735.0,5934.0,5814.0,6030.0,5977.0,-0.015281593406593408,0.03469921534437659,-0.020222446916076886,0.037151702786377694,-0.008789386401326649,0.02627060439560447,1250678830932.0,1252829981312.0,0.005100800088223528,0.00013400110121878468,0.0
6306 JT Equity,Nikko Co Ltd/Hyogo,Industrials,Capital Goods,Other,Other,1034.0,1020.0,1021.0,1002.0,1001.0,1005.0,-0.013539651837524147,0.0009803921568627416,-0.0186092066601371,-0.0009980039920159944,0.003996003996004083,-0.028046421663442955,40080000000.0,41360000000.0,0.00016839403174881892,-4.7228500200345756e-06,-4.7228500200345756e-06
6309 JT Equity,Tomoe Engineering Co Ltd,Industrials,Capital Goods,Other,Other,2070.0,2056.0,2070.0,2055.0,2045.0,2052.0,-0.006763285024154575,0.006809338521400754,-0.007246376811594235,-0.0048661800486617945,0.0034229828850855792,-0.008695652173912993,61546428000.0,61995672000.0,0.0002524105696097042,-2.1948745183452414e-06,-2.1948745183452414e-06
6310 JT Equity,Iseki & Co Ltd,Industrials,Capital Goods,Other,Other,1817.0,1859.0,1960.0,1954.0,1995.0,2059.0,0.023115024766098058,0.05433028509951576,-0.003061224489795955,0.020982599795291712,0.03208020050125304,0.13318657127132627,44912676322.0,41763732281.0,0.00017003779641382708,2.2646751090889448e-05,0.0
6317 JT Equity,Kitagawa Corp,Industrials,Capital Goods,Other,Other,1824.0,1810.0,1828.0,1789.0,1797.0,1812.0,-0.007675438596491224,0.009944751381215422,-0.021334792122538304,0.004471771939630997,0.008347245409014992,-0.006578947368421018,17265286567.0,17603064672.0,7.166951236105611e-05,-4.7150994974378767e-07,-4.7150994974378767e-07
6324 JT Equity,Harmonic Drive Systems Inc,Industrials,Capital Goods,AI_Adjacent,Adjacent_Semicap_FA,5750.0,5790.0,5630.0,5320.0,5430.0,5730.0,0.006956521739130528,-0.02763385146804831,-0.05506216696269983,0.020676691729323293,0.05524861878453047,-0.003478260869565264,512397927999.9999,553813549999.9999,0.0022548089100973426,-7.842813600338689e-06,-7.842813600338689e-06
6326 JT Equity,Kubota Corp,Industrials,Capital Goods,Other,Other,2826.5,2932.5,3004.0,2951.5,3028.0,3006.0,0.037502211215283854,0.02438192668371686,-0.01747669773635152,0.025919024224970277,-0.007265521796565366,0.06350610295418369,3360922770969.0,3218583165219.0,0.01310421169511853,0.0008321974170436153,0.0
6328 JT Equity,Ebara Jitsugyo Co Ltd,Industrials,Capital Goods,Other,Other,2388.0,2383.0,2428.0,2376.0,2393.0,2387.0,-0.0020938023450586263,0.01888375996642888,-0.021416803953871466,0.007154882154882136,-0.002507312996239075,-0.00041876046901168085,61443360000.0,61753680000.0,0.00025142531795276606,-1.0528698406731129e-07,-1.0528698406731129e-07
6330 JT Equity,Toyo Engineering Corp,Industrials,Capital Goods,Other,Other,2781.0,2665.0,2609.0,2499.0,2609.0,2476.0,-0.041711614527148555,-0.021013133208255153,-0.0421617477960905,0.0440176070428171,-0.05097738597163659,-0.10967277957569221,147013188693.0,163602912267.0,0.0006660965667913064,-7.305266194582829e-05,-7.305266194582829e-05
6331 JT Equity,Mitsubishi Kakoki Kaisha Ltd,Industrials,Capital Goods,Other,Other,3265.0,3290.0,3320.0,3160.0,3195.0,3205.0,0.007656967840734996,0.00911854103343468,-0.048192771084337394,0.011075949367088667,0.003129890453834161,-0.018376722817764146,75024246000.0,77517140250.0,0.0003156050236058063,-5.799786038697813e-06,-5.799786038697813e-06
6332 JT Equity,Tsukishima Holdings Co Ltd,Industrials,Capital Goods,Other,Other,2793.0,2822.0,2860.0,2757.0,2793.0,2788.0,0.010383100608664542,0.013465627214741316,-0.03601398601398598,0.013057671381936808,-0.00179018976011458,-0.00179018976011458,110626830600.0,112071359400.0,0.00045628984654102746,-8.168454109220005e-07,-8.168454109220005e-07
6333 JT Equity,Teikoku Corp,Industrials,Capital Goods,Other,Other,3395.0,3445.0,3400.0,3315.0,3360.0,3400.0,0.014727540500736325,-0.013062409288824406,-0.025000000000000022,0.013574660633484115,0.011904761904761862,0.0014727540500736325,52310825970.0,53573229010.0,0.000218119246295858,3.21236003381233e-07,0.0
6339 JT Equity,Sintokogio Ltd,Industrials,Capital Goods,Other,Other,1205.0,1197.0,1209.0,1200.0,1210.0,1198.0,-0.00663900414937757,0.010025062656641603,-0.007444168734491274,0.008333333333333304,-0.00991735537190086,-0.0058091286307053736,65497113600.0,65770018240.0,0.0002677775275538433,-1.5555541019725281e-06,-1.5555541019725281e-06
6340 JT Equity,Shibuya Corp,Industrials,Capital Goods,Other,Other,5300.0,5530.0,5390.0,5260.0,5190.0,5260.0,0.04339622641509444,-0.025316455696202556,-0.024118738404452666,-0.013307984790874472,0.01348747591522148,-0.007547169811320753,148068353020.0,149194348100.0,0.0006074332154423535,-4.5844016259800256e-06,-4.5844016259800256e-06
6345 JT Equity,Aichi Corp,Industrials,Capital Goods,Other,Other,1454.0,1479.0,1479.0,1447.0,1467.0,1473.0,0.01719394773039884,0.0,-0.021636240703177823,0.013821700069108545,0.004089979550102152,0.013067400275103225,93432790000.0,93884780000.0,0.00038224459922753576,4.994943181102622e-06,0.0
6349 JT Equity,Komori Corp,Industrials,Capital Goods,Other,Other,2066.0,2038.0,2039.0,2008.0,2013.0,2004.0,-0.013552758954501476,0.0004906771344455052,-0.015203531142716997,0.002490039840637559,-0.0044709388971684305,-0.030009680542110395,107385510720.0,110487283440.0,0.00044984040414497374,-1.3499566823324496e-05,-1.3499566823324496e-05
6351 JT Equity,Tsurumi Manufacturing Co Ltd,Industrials,Capital Goods,Other,Other,2441.0,2609.0,2594.0,2491.0,2600.0,2582.0,0.06882425235559197,-0.005749329244921442,-0.03970701619121053,0.04375752709755121,-0.006923076923076921,0.05776321179844324,126609987252.0,124068638652.0,0.0005051358383993624,2.9178268420446566e-05,0.0
6358 JT Equity,Sakai Heavy Industries Ltd,Industrials,Capital Goods,Other,Other,2156.0,2158.0,2190.0,2145.0,2154.0,2167.0,0.0009276437847867136,0.014828544949026856,-0.020547945205479423,0.00419580419580412,0.00603528319405755,0.005102040816326481,19166076930.0,19264364504.0,7.843336576178425e-05,4.001702334784872e-07,0.0
6361 JT Equity,Ebara Corp,Industrials,Capital Goods,AI_DC_Direct,Direct_Power_Cooling_Equipment,4688.0,4681.0,4570.0,4360.0,4390.0,4436.0,-0.0014931740614334554,-0.02371288186284981,-0.045951859956236296,0.006880733944954143,0.010478359908883794,-0.05375426621160406,1994447926600.0,2144488963280.0,0.00873112046826799,-0.00046933497397686267,-0.00046933497397686267
6363 JT Equity,Torishima Pump Manufacturing C,Industrials,Capital Goods,Other,Other,3065.0,2993.0,2972.0,2849.0,2859.0,2990.0,-0.023491027732463254,-0.007016371533578369,-0.041386271870794133,0.003510003510003523,0.045820216859041585,-0.024469820554649302,81318092471.0,87483311135.0,0.00035618151529881513,-8.71569776424508e-06,-8.71569776424508e-06
6364 JT Equity,Airman Corp,Industrials,Capital Goods,Other,Other,2617.0,2621.0,2587.0,2483.0,2480.0,2510.0,0.0015284677111195855,-0.012972148035101161,-0.04020100502512558,-0.001208215867901763,0.012096774193548487,-0.040886511272449355,74900732894.0,78942898906.0,0.00032140988937912876,-1.3141329065176448e-05,-1.3141329065176448e-05
6367 JT Equity,Daikin Industries Ltd,Industrials,Capital Goods,AI_DC_Direct,Direct_Power_Cooling_Equipment,20895.0,21155.0,20940.0,20770.0,20820.0,20500.0,0.012443168222062706,-0.010163082013708302,-0.008118433619866305,0.002407318247472423,-0.015369836695485084,-0.018904044029672162,6087977219210.0,6124616465835.0,0.0249359008606663,-0.00047138936778957566,-0.00047138936778957566
6368 JT Equity,Organo Corp,Industrials,Capital Goods,AI_Adjacent,Adjacent_Semicap_FA,13190.0,12995.0,13015.0,12490.0,12555.0,12740.0,-0.014783927217589032,0.0015390534821084767,-0.040338071456012314,0.005204163330664535,0.01473516527279961,-0.03411675511751322,579032652999.9999,611484442999.9999,0.002489611477477051,-8.493746511483483e-05,-8.493746511483483e-05
6370 JT Equity,Kurita Water Industries Ltd,Industrials,Capital Goods,AI_Adjacent,Adjacent_Semicap_FA,8100.0,8085.0,8006.0,7704.0,7701.0,7833.0,-0.0018518518518518823,-0.009771181199752621,-0.037721708718461144,-0.0003894080996884597,0.017140631086871805,-0.03296296296296297,895210146576.0,941225621400.0,0.0038321271076603826,-0.0001263182639191756,-0.0001263182639191756
6371 JT Equity,Tsubakimoto Chain Co,Industrials,Capital Goods,Other,Other,2708.0,2718.0,2737.0,2668.0,2719.0,2703.0,0.0036927621861151394,0.006990434142752022,-0.025210084033613467,0.01911544227886064,-0.005884516366311154,-0.0018463810930575697,283377028372.0,287625559532.0,0.0011710451548260013,-2.1621956329874033e-06,-2.1621956329874033e-06
6376 JT Equity,Nikkiso Co Ltd,Industrials,Capital Goods,Other,Other,3840.0,3765.0,3775.0,3630.0,3550.0,3505.0,-0.01953125,0.0026560424966799445,-0.03841059602649011,-0.02203856749311295,-0.012676056338028152,-0.08723958333333337,251107660320.0,265634549760.0,0.0010815104643585266,-9.435052228127776e-05,-9.435052228127776e-05
6378 JT Equity,Kimura Chemical Plants Co Ltd,Industrials,Capital Goods,Other,Other,1227.0,1221.0,1224.0,1180.0,1195.0,1206.0,-0.004889975550122272,0.002457002457002533,-0.03594771241830064,0.012711864406779627,0.009205020920502127,-0.017114914425427896,24308000000.0,25276200000.0,0.00010291008765206714,-1.761297343678413e-06,-1.761297343678413e-06
6379 JT Equity,Raiznext Corp,Industrials,Capital Goods,Other,Other,3100.0,3080.0,3110.0,2965.0,2964.0,2949.0,-0.006451612903225823,0.009740259740259827,-0.04662379421221863,-0.0003372681281619272,-0.005060728744939236,-0.048709677419354835,160608277145.0,167920964300.0,0.0006836771806969654,-3.330169493072315e-05,-3.330169493072315e-05
6381 JT Equity,Anest Iwata Corp,Industrials,Capital Goods,Other,Other,1966.0,1988.0,1980.0,1943.0,1971.0,1990.0,0.011190233977619535,-0.004024144869215318,-0.01868686868686864,0.014410705095213583,0.00963977676306449,0.012207527975584886,81111516215.0,82071662830.0,0.0003341484090008071,4.0791260508745335e-06,0.0
6383 JT Equity,Daifuku Co Ltd,Industrials,Capital Goods,AI_Adjacent,Adjacent_Semicap_FA,5745.0,5804.0,5768.0,5557.0,5610.0,5661.0,0.010269799825935566,-0.006202618883528577,-0.03658113730929269,0.009537520244736308,0.009090909090909038,-0.014621409921671047,2110716593667.0,2182124677095.0002,0.0088843513577035,-0.0001299017430891376,-0.0001299017430891376
6395 JT Equity,Tadano Ltd,Industrials,Capital Goods,Other,Other,1404.0,1386.0,1448.0,1368.0,1430.0,1427.0,-0.012820512820512775,0.044733044733044736,-0.05524861878453036,0.04532163742690054,-0.00209790209790206,0.01638176638176647,177156485640.0,181818498420.0,0.0007402599128496146,1.2126764954089194e-05,0.0
6407 JT Equity,CKD Corp,Industrials,Capital Goods,AI_Adjacent,Adjacent_Semicap_FA,5480.0,5590.0,5330.0,5120.0,5220.0,5210.0,0.02007299270072993,-0.046511627906976716,-0.039399624765478425,0.01953125,-0.0019157088122605526,-0.0492700729927007,347696378880.0,372143780520.0,0.001515154535590193,-7.465177456375034e-05,-7.465177456375034e-05
6420 JT Equity,Galilei Holdings Co Ltd,Industrials,Capital Goods,Other,Other,3555.0,3530.0,3515.0,3515.0,3530.0,3560.0,-0.007032348804500654,-0.004249291784702569,0.0,0.004267425320056972,0.008498583569405138,0.0014064697609001975,155125104800.0,156890397600.0,0.0006387670840072346,8.984065879145716e-07,0.0
6432 JT Equity,Takeuchi Manufacturing Co Ltd,Industrials,Capital Goods,Other,Other,7640.0,7620.0,7650.0,7320.0,7530.0,7620.0,-0.002617801047120394,0.003937007874015741,-0.04313725490196074,0.028688524590164022,0.01195219123505975,-0.002617801047120394,358672680000.0,374352360000.0,0.0015241465956258532,-3.989912553994342e-06,-3.989912553994342e-06
6440 JT Equity,Juki Corp,Industrials,Capital Goods,Other,Other,697.0,721.0,763.0,725.0,736.0,715.0,0.03443328550932567,0.058252427184465994,-0.04980340760157276,0.015172413793103523,-0.028532608695652217,0.02582496413199431,21658779775.0,20822302763.0,8.477639053569008e-05,2.1893472448241383e-06,0.0
6454 JT Equity,Max Co Ltd,Industrials,Capital Goods,Other,Other,1866.0,1856.0,1832.0,1802.0,1871.0,1880.0,-0.005359056806002127,-0.012931034482758674,-0.01637554585152834,0.03829078801331853,0.0048102618920362605,0.007502679528403,335441766608.0001,347355347664.0001,0.001414230354029344,1.0610517125622087e-05,0.0
6455 JT Equity,Morita Holdings Corp,Industrials,Capital Goods,Other,Other,2512.0,2506.0,2517.0,2456.0,2457.0,2485.0,-0.0023885350318471055,0.004389465283320071,-0.024235200635677412,0.0004071661237785573,0.01139601139601143,-0.010748407643312086,111547939152.0,114091377504.0,0.000464514193560809,-4.992787908495949e-06,-4.992787908495949e-06
6457 JT Equity,Glory Ltd,Industrials,Capital Goods,Other,Other,4877.0,4853.0,4819.0,4639.0,4603.0,4611.0,-0.004921058027475889,-0.007005975685143162,-0.03735214774849549,-0.007760293166630738,0.0017379969585054056,-0.054541726471191265,254674187890.0,267740033270.0,0.0010900827771493766,-5.945499666223784e-05,-5.945499666223784e-05
6458 JT Equity,Sinko Industries Ltd,Industrials,Capital Goods,Other,Other,1252.0,1261.0,1263.0,1236.0,1232.0,1241.0,0.007188498402555865,0.0015860428231562196,-0.02137767220902609,-0.003236245954692518,0.007305194805194759,-0.00878594249201281,89663148000.0,90823836000.0,0.0003697822031657041,-3.248885171583674e-06,-3.248885171583674e-06
6459 JT Equity,Daiwa Ltd,Industrials,Capital Goods,Other,Other,1663.0,1739.0,1728.0,1665.0,1680.0,1680.0,0.04570054119061928,-0.006325474410580845,-0.03645833333333337,0.009009009009008917,0.0,0.010222489476849006,86109162975.0,86005728545.0,0.0003501656523981391,3.5795646967939437e-06,0.0
6464 JT Equity,Tsubaki Nakashima Co Ltd,Industrials,Capital Goods,Other,Other,333.0,338.0,343.0,343.0,346.0,353.0,0.01501501501501501,0.014792899408283988,0.0,0.008746355685131268,0.020231213872832443,0.06006006006006004,14268662800.0,13852666800.0,5.640005833957954e-05,3.3873908912660374e-06,0.0
6465 JT Equity,Hoshizaki Corp,Industrials,Capital Goods,Other,Other,5662.0,5697.0,5650.0,5570.0,5626.0,5616.0,0.006181561285764747,-0.008249956117254653,-0.01415929203539823,0.010053859964093359,-0.00177746178457161,-0.008124337689862204,807037857000.0,820367746200.0,0.0033400636436003344,-2.7135804946240678e-05,-2.7135804946240678e-05
6471 JT Equity,NSK Ltd,Industrials,Capital Goods,Other,Other,1100.5,1109.5,1138.5,1099.0,1110.0,1112.0,0.008178100863243998,0.02613789995493465,-0.03469477382520858,0.010009099181073733,0.0018018018018017834,0.010449795547478491,549500000000.0,550250000000.0,0.0022403001926931242,2.3410678978619816e-05,0.0
6472 JT Equity,NTN Corp,Industrials,Capital Goods,Other,Other,372.20001220703125,374.79998779296875,384.79998779296875,373.3999938964844,380.6000061035156,386.3999938964844,0.006985425848109017,0.026680897347103993,-0.0296257647040723,0.01928230402978337,0.0152390638464448,0.03815148098800858,223118828547.8,222401799856.8359,0.0009054916766461919,3.45458484863672e-05,0.0
6474 JT Equity,Nachi-Fujikoshi Corp,Industrials,Capital Goods,AI_Adjacent,Adjacent_Semicap_FA,5600.0,5620.0,5560.0,5430.0,5450.0,5470.0,0.0035714285714285587,-0.010676156583629859,-0.023381294964028743,0.0036832412523020164,0.003669724770642091,-0.023214285714285743,135312032490.0,139548320800.0,0.000568160163522475,-1.3189432367486044e-05,-1.3189432367486044e-05
6479 JT Equity,MINEBEA MITSUMI Inc,Industrials,Capital Goods,Other,Other,3401.0,3380.0,3410.0,3239.0,3234.0,3332.0,-0.006174654513378397,0.008875739644970349,-0.05014662756598243,-0.0015436863229392195,0.030303030303030276,-0.020288150543957606,1383314082834.0,1452501141006.0,0.0059137457266383,-0.00011997896358072379,-0.00011997896358072379
6480 JT Equity,Nippon Thompson Co Ltd,Industrials,Capital Goods,AI_Adjacent,Adjacent_Semicap_FA,1735.0,1796.0,1805.0,1724.0,1697.0,1706.0,0.03515850144092214,0.0050111358574609355,-0.044875346260387805,-0.015661252900232014,0.005303476723629963,-0.016714697406340018,126716456700.0,127524972375.0,0.0005192080330484285,-8.67840516334547e-06,-8.67840516334547e-06
6481 JT Equity,THK Co Ltd,Industrials,Capital Goods,AI_Adjacent,Adjacent_Semicap_FA,6631.0,6634.0,6573.0,6255.0,6309.0,6348.0,0.0004524204494043005,-0.009195055773289162,-0.048379735280693725,0.008633093525179936,0.006181645268663827,-0.04267832906047353,744969267765.0,789750793693.0,0.0032154090963925045,-0.00013722828747987916,-0.00013722828747987916
6482 JT Equity,Yushin Co,Industrials,Capital Goods,Other,Other,721.0,745.0,748.0,725.0,724.0,728.0,0.03328710124826628,0.00402684563758382,-0.03074866310160429,-0.0013793103448276334,0.005524861878453136,0.009708737864077666,25837597850.0,25695045586.0,0.0001046153849660598,1.0156833491850461e-06,0.0
6485 JT Equity,Maezawa Kyuso Industries Co Lt,Industrials,Capital Goods,Other,Other,1711.0,1702.0,1699.0,1680.0,1669.0,1661.0,-0.005260081823495022,-0.001762632197414793,-0.011183048852266064,-0.006547619047619024,-0.004793289394847244,-0.02922267679719459,36120000000.0,36786500000.0,0.0001497733812603464,-4.376779113394103e-06,-4.376779113394103e-06
6498 JT Equity,Kitz Corp,Industrials,Capital Goods,Other,Other,1918.0,1919.0,1904.0,1870.0,1878.0,1884.0,0.0005213764337852478,-0.007816571130797256,-0.017857142857142905,0.004278074866310266,0.0031948881789136685,-0.017726798748696537,163747692570.0,167950841898.0,0.000683798825019649,-1.2121564155718475e-05,-1.2121564155718475e-05
6501 JT Equity,Hitachi Ltd,Industrials,Capital Goods,AI_DC_Direct,Direct_Power_Cooling_Equipment,5550.0,5438.0,5541.0,5335.0,5352.0,5377.0,-0.020180180180180196,0.0189407870540641,-0.03717740480057752,0.0031865042174321623,0.004671150971599314,-0.031171171171171186,24197217854975.0,25172363466750.0,0.10248732526142913,-0.0031946499585995044,-0.0031946499585995044
6503 JT Equity,Mitsubishi Electric Corp,Industrials,Capital Goods,AI_DC_Direct,Direct_Power_Cooling_Equipment,5648.0,5585.0,5521.0,5276.0,5310.0,5248.0,-0.01115439093484416,-0.011459265890778836,-0.04437601883716713,0.006444275966641433,-0.011676082862523529,-0.07082152974504252,11149251383076.0,11935362360048.0,0.04859390203557982,-0.0034414944784404984,-0.0034414944784404984
6504 JT Equity,Fuji Electric Co Ltd,Industrials,Capital Goods,AI_DC_Direct,Direct_Power_Cooling_Equipment,13815.0,13850.0,13670.0,13005.0,12835.0,13110.0,0.002533478103510678,-0.012996389891696714,-0.04864667154352598,-0.013071895424836555,0.02142578885858981,-0.05103148751357223,1941607367955.0,2062537930665.0,0.008397463195830398,-0.0004285350382237013,-0.0004285350382237013
6506 JT Equity,Yaskawa Electric Corp,Industrials,Capital Goods,AI_Adjacent,Adjacent_Semicap_FA,4811.0,4780.0,4700.0,4475.0,4500.0,4570.0,-0.00644356682602365,-0.01673640167364021,-0.0478723404255319,0.005586592178770999,0.015555555555555545,-0.05009353564747454,1193439974075.0,1283047981067.0,0.005223830330247931,-0.00026168013086463345,-0.00026168013086463345
6507 JT Equity,Sinfonia Technology Co Ltd,Industrials,Capital Goods,Defense,Defense,12220.0,12540.0,11970.0,11790.0,11670.0,11790.0,0.026186579378068675,-0.045454545454545414,-0.015037593984962405,-0.010178117048346036,0.010282776349614497,-0.03518821603927991,351213748380.0,364023070840.0,0.00148209169604288,-5.215216279037963e-05,-5.215216279037963e-05
6508 JT Equity,Meidensha Corp,Industrials,Capital Goods,AI_Adjacent,Adjacent_Grid_Electrical,11720.0,11870.0,11260.0,10680.0,10530.0,10800.0,0.012798634812286602,-0.05139005897219884,-0.05150976909413851,-0.014044943820224698,0.02564102564102555,-0.07849829351535831,486234137880.0,533582780520.0,0.0021724409014387803,-0.00017053290352591098,-0.00017053290352591098
6516 JT Equity,Sanyo Denki Co Ltd,Industrials,Capital Goods,AI_DC_Direct,Direct_Power_Cooling_Equipment,5430.0,5530.0,5390.0,5190.0,5170.0,5170.0,0.018416206261510082,-0.025316455696202556,-0.03710575139146566,-0.003853564547206201,0.0,-0.047882136279926324,201976951590.0,211316926230.0,0.0008603604735163792,-4.1195897442773214e-05,-4.1195897442773214e-05
6517 JT Equity,Denyo Co Ltd,Industrials,Capital Goods,Other,Other,4155.0,4165.0,4230.0,4030.0,4010.0,4005.0,0.002406738868832692,0.015606242496998712,-0.047281323877068515,-0.00496277915632759,-0.0012468827930174342,-0.03610108303249093,88094429800.00002,90826887300.00002,0.0003697946262969681,-1.3349986508915802e-05,-1.3349986508915802e-05
6586 JT Equity,Makita Corp,Industrials,Capital Goods,Other,Other,5329.0,5299.0,5363.0,5245.0,5341.0,5247.0,-0.005629574028898521,0.012077750518965757,-0.022002610479209372,0.01830314585319348,-0.01759970043063097,-0.01538750234565589,1468691892400.0,1492213364080.0,0.006075430962449212,-9.348570818555767e-05,-9.348570818555767e-05
6592 JT Equity,Mabuchi Motor Co Ltd,Industrials,Capital Goods,Other,Other,1762.0,1764.5,1785.5,1736.5,1742.5,1758.5,0.001418842224744532,0.011901388495324516,-0.02744329319518346,0.0034552260293694292,0.009182209469153602,-0.0019863791146425003,452618461052.0001,459265032176.0001,0.0018698619538048285,-3.7142547323025312e-06,-3.7142547323025312e-06
6617 JT Equity,Takaoka Toko Co Ltd,Industrials,Capital Goods,AI_Adjacent,Adjacent_Grid_Electrical,6970.0,7130.0,6940.0,6680.0,6680.0,6730.0,0.022955523672883782,-0.02664796633941091,-0.03746397694524495,0.0,0.007485029940119681,-0.03443328550932567,108725717400.0,113445845850.0,0.0004618859615047514,-1.5904251185242513e-05,-1.5904251185242513e-05
6619 JT Equity,W-Scope Corp,Industrials,Capital Goods,Other,Other,159.0,160.0,160.0,153.0,158.0,169.0,0.0062893081761006275,0.0,-0.043749999999999956,0.03267973856209161,0.06962025316455689,0.06289308176100628,9275701500.000002,9639454500.000002,3.9246291274523594e-05,2.4683202059448797e-06,0.0
6622 JT Equity,Daihen Corp,Industrials,Capital Goods,AI_Adjacent,Adjacent_Grid_Electrical,12980.0,12870.0,12540.0,12200.0,12200.0,12260.0,-0.008474576271186418,-0.02564102564102566,-0.027113237639553422,0.0,0.004918032786885185,-0.055469953775038494,303820150200.0,323244717180.0,0.0013160657922496836,-7.300210866099936e-05,-7.300210866099936e-05
6651 JT Equity,Nitto Kogyo Corp,Industrials,Capital Goods,AI_DC_Direct,Direct_Power_Cooling_Equipment,4405.0,4435.0,4415.0,4310.0,4315.0,4300.0,0.006810442678774065,-0.00450958286358516,-0.023782559456398622,0.0011600928074246841,-0.0034762456546929554,-0.023836549375709448,174373980000.0,178217490000.0,0.0007255986863939753,-1.729576891517991e-05,-1.729576891517991e-05
6652 JT Equity,Idec Corp/Japan,Industrials,Capital Goods,AI_Adjacent,Adjacent_Semicap_FA,3500.0,3745.0,3710.0,3685.0,3640.0,3630.0,0.07000000000000006,-0.009345794392523366,-0.006738544474393482,-0.012211668928086894,-0.0027472527472527375,0.037142857142857144,115614977225.0,109810697500.0,0.00044708573697231505,1.6606041658971703e-05,0.0
6877 JT Equity,Obara Group Inc,Industrials,Capital Goods,AI_Adjacent,Adjacent_Semicap_FA,5670.0,5710.0,5620.0,5550.0,5520.0,5470.0,0.007054673721340388,-0.015761821366024553,-0.01245551601423489,-0.00540540540540535,-0.009057971014492794,-0.03527336860670194,115825059000.0,118329384600.0,0.00048176891071447306,-1.6993612370880883e-05,-1.6993612370880883e-05
6905 JT Equity,Cosel Co Ltd,Industrials,Capital Goods,Other,Other,1323.0,1333.0,1322.0,1317.0,1301.0,1319.0,0.0075585789871503994,-0.008252063015753985,-0.0037821482602118373,-0.012148823082763882,0.013835511145272816,-0.003023431594860182,54242093700.00001,54489210300.000015,0.00022184859306639926,-6.707440455522311e-07,-6.707440455522311e-07
6915 JT Equity,Chiyoda Integre Co Ltd,Industrials,Capital Goods,Other,Other,3465.0,3495.0,3475.0,3430.0,3420.0,3395.0,0.008658008658008587,-0.005722460658083017,-0.012949640287769792,-0.002915451895043719,-0.007309941520467822,-0.02020202020202022,33027226470.0,33364238985.0,0.00013583991099891857,-2.7442406262407815e-06,-2.7442406262407815e-06
6925 JT Equity,Ushio Inc,Industrials,Capital Goods,AI_Adjacent,Adjacent_Semicap_FA,3891.0,3889.0,3857.0,3666.0,3701.0,3670.0,-0.0005140066820868983,-0.008228336333247599,-0.04952035260565202,0.009547190398254246,-0.00837611456363141,-0.05679773837059887,306111000000.0,324898500000.0,0.0013227990407191402,-7.513199383164489e-05,-7.513199383164489e-05
6954 JT Equity,FANUC Corp,Industrials,Capital Goods,AI_Adjacent,Adjacent_Semicap_FA,6052.0,6055.0,5989.0,5725.0,5761.0,5931.0,0.0004957038995372365,-0.010900082576383197,-0.04408081482718318,0.00628820960698695,0.029508765839264095,-0.019993390614672868,5623509661750.0,5944712746360.0,0.024203436821763888,-0.0004839087665950818,-0.0004839087665950818
6986 JT Equity,Futaba Corp,Industrials,Capital Goods,Other,Other,784.0,768.0,775.0,764.0,776.0,780.0,-0.020408163265306145,0.00911458333333326,-0.014193548387096744,0.015706806282722585,0.005154639175257714,-0.005102040816326481,32414028596.0,33262563376.0,0.00013542594664374383,-6.909487073660332e-07,-6.909487073660332e-07
7003 JT Equity,Mitsui E&S Co Ltd,Industrials,Capital Goods,Other,Other,4556.0,4400.0,4256.0,4114.0,4199.0,4287.0,-0.034240561896400346,-0.032727272727272716,-0.03336466165413532,0.02066115702479343,0.020957370802572095,-0.059043020193151885,424148121737.9999,469717754651.9999,0.0019124194025593039,-0.00011291501740308444,-0.00011291501740308444
7004 JT Equity,Kanadevia Corp,Industrials,Capital Goods,Other,Other,1186.0,1186.0,1201.0,1147.0,1161.0,1155.0,0.0,0.012647554806070715,-0.044962531223979973,0.012205754141237923,-0.0051679586563307955,-0.02613827993254636,195236424921.0,201874803798.0,0.0008219176044498792,-2.1483512426598855e-05,-2.1483512426598855e-05
7011 JT Equity,Mitsubishi Heavy Industries Lt,Industrials,Capital Goods,Defense,Defense,4025.0,3889.0,3856.0,3724.0,3795.0,3754.0,-0.03378881987577642,-0.008485471843661663,-0.034232365145228205,0.019065520945220182,-0.010803689064558641,-0.06732919254658387,12563464444440.0,13578932435250.0,0.055285570106783255,-0.003722332794767271,-0.003722332794767271
7012 JT Equity,Kawasaki Heavy Industries Ltd,Industrials,Capital Goods,Defense,Defense,2623.0,2581.0,2523.0,2428.5,2450.5,2433.5,-0.016012199771254343,-0.022471910112359605,-0.03745541022592147,0.009059089973234569,-0.006937359722505643,-0.07224552039649257,2129694931500.0,2300263457000.0,0.009365344236187281,-0.0006766041680356423,-0.0006766041680356423
7013 JT Equity,IHI Corp,Industrials,Capital Goods,Defense,Defense,2766.0,2682.0,2736.0,2600.0,2639.5,2624.5,-0.030368763557483747,0.020134228187919545,-0.049707602339181256,0.015192307692307727,-0.005682894487592294,-0.05115690527838035,2815175162800.0,2994913269348.0,0.012193557063915526,-0.0006237846437252522,-0.0006237846437252522
7014 JT Equity,Namura Shipbuilding Co Ltd,Industrials,Capital Goods,Other,Other,4880.0,4840.0,4565.0,4485.0,4600.0,4800.0,-0.008196721311475419,-0.05681818181818177,-0.017524644030668113,0.02564102564102555,0.04347826086956519,-0.016393442622950838,311955749235.0,339430112880.0,0.0013819633753583151,-2.265513730095601e-05,-2.265513730095601e-05
7102 JT Equity,Nippon Sharyo Ltd,Industrials,Capital Goods,Other,Other,3750.0,3695.0,3705.0,3570.0,3610.0,3635.0,-0.014666666666666717,0.0027063599458727605,-0.036437246963562764,0.011204481792717047,0.006925207756232732,-0.03066666666666662,52389796410.0,55031298750.0,0.00022405566414135006,-6.871040367001391e-06,-6.871040367001391e-06
7128 JT Equity,UNISOL Holdings Corp,Industrials,Capital Goods,Other,Other,2810.0,2710.0,2732.0,2720.0,2720.0,2773.0,-0.03558718861209964,0.008118081180811698,-0.004392386530014614,0.0,0.0194852941176471,-0.013167259786476815,66091411360.0,68278259530.0,0.0002779896374044709,-3.660361773653161e-06,-3.660361773653161e-06
7224 JT Equity,Shinmaywa Industries Ltd,Industrials,Capital Goods,Defense,Defense,1979.0,1984.0,2004.0,1933.0,1955.0,1946.0,0.002526528549772644,0.010080645161290258,-0.03542914171656686,0.011381272633212536,-0.004603580562659859,-0.016675088428499296,135310000000.0,138530000000.0,0.0005640141493753357,-9.404985815758534e-06,-9.404985815758534e-06
7226 JT Equity,Kyokuto Kaihatsu Kogyo Co Ltd,Industrials,Capital Goods,Other,Other,2337.0,2308.0,2344.0,2304.0,2301.0,2294.0,-0.012409071459135612,0.015597920277296451,-0.017064846416382284,-0.0013020833333333703,-0.003042155584528472,-0.01839965768078733,92505599999.99998,93830549999.99998,0.0003820238059890991,-7.029107256110935e-06,-7.029107256110935e-06
7414 JT Equity,Onoken Co Ltd,Industrials,Capital Goods,Other,Other,1457.0,1451.0,1475.0,1452.0,1450.0,1439.0,-0.0041180507892930596,0.016540317022742945,-0.015593220338983027,-0.0013774104683195176,-0.0075862068965517615,-0.012354152367879179,36479921676.00001,36605541241.00001,0.00014903662170985627,-1.8412211329975342e-06,-1.8412211329975342e-06
7438 JT Equity,Kondotec Inc,Industrials,Capital Goods,Other,Other,1686.0,1697.0,1711.0,1704.0,1676.0,1688.0,0.006524317912218303,0.008249852681202041,-0.004091174751607252,-0.016431924882629123,0.007159904534606243,0.0011862396204034287,44890857600.0,44416658400.0,0.00018083897932268,2.1451836218587943e-07,0.0
7463 JT Equity,Advan Group Co Ltd,Industrials,Capital Goods,Other,Other,965.0,969.0,960.0,942.0,941.0,944.0,0.004145077720207224,-0.009287925696594423,-0.018750000000000044,-0.0010615711252653925,0.0031880977683316214,-0.021761658031088094,40800555864.0,41796747780.0,0.00017017221645702845,-3.7032295809301545e-06,-3.7032295809301545e-06
7482 JT Equity,Shimojima Co Ltd,Industrials,Capital Goods,Other,Other,1542.0,1555.0,1573.0,1541.0,1541.0,1553.0,0.008430609597924743,0.011575562700964603,-0.020343293070565815,0.0,0.0077871512005192045,0.007133592736705552,36441299866.0,36464947692.0,0.0001484642059807947,1.059083181445354e-06,0.0
7525 JT Equity,Rix Corp,Industrials,Capital Goods,Other,Other,3635.0,3640.0,3670.0,3615.0,3600.0,3585.0,0.0013755158184318717,0.008241758241758212,-0.01498637602179842,-0.004149377593360981,-0.004166666666666652,-0.01375515818431916,31233600000.0,31406400000.0,0.00012786872143897744,-1.7588544902197774e-06,-1.7588544902197774e-06
7570 JT Equity,Hashimoto Sogyo Holdings Co Lt,Industrials,Capital Goods,Other,Other,1440.0,1433.0,1412.0,1400.0,1409.0,1426.0,-0.004861111111111094,-0.01465457083042565,-0.008498583569405138,0.00642857142857145,0.012065294535131388,-0.009722222222222188,29810272800.0,30661994880.0,0.00012483793373561033,-1.2137021335406517e-06,-1.2137021335406517e-06
7607 JT Equity,Shinwa Co Ltd/Nagoya,Industrials,Capital Goods,Other,Other,3055.0,3100.0,3110.0,3035.0,3050.0,3030.0,0.014729950900163713,0.003225806451612856,-0.024115755627009627,0.0049423393739702615,-0.006557377049180357,-0.008183306055646433,41929493165.0,42205799545.0,0.0001718376389885159,-1.4061999917227078e-06,-1.4061999917227078e-06
7721 JT Equity,Tokyo Keiki Inc,Industrials,Capital Goods,Defense,Defense,7450.0,7190.0,6940.0,6790.0,6920.0,7200.0,-0.03489932885906044,-0.03477051460361613,-0.021613832853025983,0.019145802650957222,0.040462427745664664,-0.03355704697986572,115949020810.0,127219470550.0,0.0005179642060653925,-1.7381349196825225e-05,-1.7381349196825225e-05
7820 JT Equity,Nihon Flush Co Ltd,Industrials,Capital Goods,Other,Other,711.0,707.0,711.0,706.0,712.0,707.0,-0.005625879043600568,0.005657708628005631,-0.007032348804500654,0.008498583569405138,-0.0070224719101124045,-0.005625879043600568,17692360000.0,17817660000.0,7.254322059307691e-05,-4.0811938448988454e-07,-4.0811938448988454e-07
7888 JT Equity,Sanko Gosei Ltd,Industrials,Capital Goods,Other,Other,910.0,916.0,910.0,893.0,896.0,896.0,0.00659340659340657,-0.0065502183406113135,-0.018681318681318726,0.0033594624860022737,0.0,-0.01538461538461533,27404892117.0,27926597790.0,0.00011370097666551635,-1.7492457948540915e-06,-1.7492457948540915e-06
7931 JT Equity,Mirai Industry Co Ltd,Industrials,Capital Goods,Other,Other,3700.0,3715.0,3710.0,3610.0,3605.0,3615.0,0.004054054054054124,-0.0013458950201884479,-0.02695417789757415,-0.0013850415512465242,0.00277392510402219,-0.02297297297297296,92441580460.0,94746218200.0,0.0003857518780379914,-8.861867468440339e-06,-8.861867468440339e-06
7943 JT Equity,Nichiha Corp,Industrials,Capital Goods,Other,Other,3085.0,3080.0,3115.0,3075.0,3070.0,3040.0,-0.0016207455429497752,0.011363636363636465,-0.012841091492776902,-0.001626016260162566,-0.009771986970684043,-0.014586709886547866,106048029300.0,106392900940.0,0.0004331704433931167,-6.318531589202698e-06,-6.318531589202698e-06
7949 JT Equity,Komatsu Wall Industry Co Ltd,Industrials,Capital Goods,Other,Other,2848.0,2847.0,2827.0,2794.0,2803.0,2830.0,-0.000351123595505598,-0.007024938531787872,-0.011673151750972721,0.003221188260558394,0.009632536567962813,-0.006320224719101097,55103212120.0,56168199040.0,0.00022868446548393956,-1.4453372116260166e-06,-1.4453372116260166e-06
7981 JT Equity,Takara Standard Co Ltd,Industrials,Capital Goods,Other,Other,3100.0,3175.0,3180.0,3130.0,3125.0,3110.0,0.024193548387096753,0.0015748031496063408,-0.01572327044025157,-0.0015974440894568342,-0.0048000000000000265,0.003225806451612856,198321476220.0,196420631400.0,0.0007997113646057703,2.579714079373415e-06,0.0
8001 JT Equity,ITOCHU Corp,Industrials,Capital Goods,Other,Other,2116.5,2108.0,2148.5,2157.0,2212.0,2204.0,-0.004016064257028162,0.019212523719165153,0.003956248545496921,0.02549837737598515,-0.003616636528028905,0.04134183793999524,17093033300640.0,16772093176080.0,0.06828627637299238,0.002823080171337977,0.0
8002 JT Equity,Marubeni Corp,Industrials,Capital Goods,Other,Other,4910.0,4928.0,5122.0,5090.0,5201.0,5073.0,0.0036659877800406804,0.03936688311688319,-0.006247559547051917,0.02180746561886049,-0.024610651797731253,0.033197556008146556,8453260057490.001,8154323552510.001,0.033199695821845045,0.00110214876149913,0.0
8012 JT Equity,Nagase & Co Ltd,Industrials,Capital Goods,Other,Other,1153.5,1174.5,1186.0,1162.5,1149.5,1143.5,0.01820546163849146,0.009791400595998256,-0.019814502529511002,-0.011182795698924775,-0.005219660722053043,-0.008669267446900775,511073525250.0,507116826990.0,0.0020646868245772334,-1.789932227635234e-05,-1.789932227635234e-05
8014 JT Equity,Chori Co Ltd,Industrials,Capital Goods,Other,Other,4255.0,4270.0,4320.0,4245.0,4340.0,4340.0,0.003525264394829586,0.011709601873536313,-0.01736111111111116,0.022379269729092988,0.0,0.0199764982373678,107413264110.0,107666298890.0,0.000438354984370418,8.756797572617045e-06,0.0
8015 JT Equity,Toyota Tsusho Corp,Industrials,Capital Goods,Other,Other,7598.0,7478.0,7707.0,7538.0,7673.0,7588.0,-0.01579362990260591,0.030623161273067634,-0.021928117295964666,0.017909259750596984,-0.011077805291281106,-0.0013161358252171684,7116430686408.0,7173075133368.0,0.029204618997703928,-3.8437245324696055e-05,-3.8437245324696055e-05
8020 JT Equity,Kanematsu Corp,Industrials,Capital Goods,Other,Other,2244.0,2257.0,2309.5,2261.0,2312.5,2274.5,0.005793226381461736,0.023260965883916684,-0.021000216497077284,0.02277753206545774,-0.01643243243243242,0.013591800356506312,382109913444.0,379236906576.0,0.001544033648120958,2.0986197088988178e-05,0.0
8031 JT Equity,Mitsui & Co Ltd,Industrials,Capital Goods,Other,Other,4979.0,5009.0,5198.0,5119.0,5253.0,5019.0,0.006025306286402854,0.037732082251946464,-0.015198153135821513,0.02617698769290877,-0.04454597372929758,0.00803374171520388,14664228202544.0,14263174881904.0,0.058071410152376664,0.0004665307102018625,0.0
8032 JT Equity,Japan Pulp & Paper Co Ltd,Industrials,Capital Goods,Other,Other,1216.0,1207.0,1231.0,1208.0,1224.0,1212.0,-0.0074013157894736725,0.01988400994200501,-0.018683996750609277,0.013245033112582849,-0.009803921568627416,-0.003289473684210509,145220336080.0,146182060160.0,0.0005951689187546131,-1.957792495903322e-06,-1.957792495903322e-06
8037 JT Equity,Kamei Corp,Industrials,Capital Goods,Other,Other,4585.0,4655.0,4695.0,4565.0,4625.0,4525.0,0.01526717557251911,0.00859291084854985,-0.027689030883919052,0.013143483023001057,-0.021621621621621623,-0.013086150490730697,150608338485.0,151268177865.0,0.0006158766524657833,-8.05945455789469e-06,-8.05945455789469e-06
8051 JT Equity,Yamazen Corp,Industrials,Capital Goods,Other,Other,1963.0,1956.0,1999.0,1935.0,1939.0,1942.0,-0.00356597045338769,0.02198364008179965,-0.03201600800400195,0.002067183462532318,0.0015471892728209369,-0.01069791136016307,184416016725.0,187084568905.0,0.0007617003103458093,-8.148602403088169e-06,-8.148602403088169e-06
8052 JT Equity,Tsubakimoto Kogyo Co Ltd,Industrials,Capital Goods,Other,Other,2942.0,2936.0,2932.0,2871.0,2887.0,2940.0,-0.0020394289598911763,-0.0013623978201634523,-0.020804911323328734,0.005572971090212375,0.018358157256667784,-0.0006798096532970588,55967006997.0,57351074394.0,0.00023350045073336828,-1.5873586045775804e-07,-1.5873586045775804e-07
8053 JT Equity,Sumitomo Corp,Industrials,Capital Goods,Other,Other,1775.5,1791.5,1849.5,1788.0,1842.0,1820.0,0.009011546043367957,0.03237510466089866,-0.03325223033252234,0.030201342281879207,-0.011943539630836053,0.025063362433117353,8547463795968.0,8487708036768.0,0.03455704488922186,0.0008661157406760732,0.0
8058 JT Equity,Mitsubishi Corp,Industrials,Capital Goods,Other,Other,4786.0,4804.0,4956.0,4860.0,5059.0,4902.0,0.003760969494358557,0.0316402997502081,-0.01937046004842613,0.04094650205761319,-0.031033801146471585,0.024237358963643985,18033169686120.0,17758590559212.0,0.07230272394686223,0.0017524270743493578,0.0
8059 JT Equity,Daiichi Jitsugyo Co Ltd,Industrials,Capital Goods,AI_Adjacent,Adjacent_Semicap_FA,3790.0,3820.0,3815.0,3710.0,3700.0,3690.0,0.0079155672823219,-0.0013089005235602524,-0.02752293577981646,-0.0026954177897574594,-0.002702702702702675,-0.02638522427440637,121536632000.0,124157368000.0,0.0005054970930571033,-1.3337654170372138e-05,-1.3337654170372138e-05
8061 JT Equity,Seika Corp,Industrials,Capital Goods,Other,Other,3120.0,3190.0,3290.0,3160.0,3065.0,3135.0,0.022435897435897356,0.03134796238244508,-0.03951367781155013,-0.030063291139240556,0.022838499184339334,0.004807692307692291,116799762000.0,115321284000.0,0.0004695216624567351,2.2573156848881417e-06,0.0
8065 JT Equity,Sato Shoji Corp,Industrials,Capital Goods,Other,Other,3705.0,3680.0,3720.0,3620.0,3635.0,3560.0,-0.006747638326585648,0.010869565217391353,-0.026881720430107503,0.004143646408839796,-0.02063273727647863,-0.03913630229419707,78912561000.0,80765480250.0,0.00032883038794552966,-1.2869205466154344e-05,-1.2869205466154344e-05
8070 JT Equity,Tokyo Sangyo Co Ltd,Industrials,Capital Goods,Other,Other,959.0,979.0,1000.0,991.0,989.0,986.0,0.02085505735140769,0.021450459652706755,-0.009000000000000008,-0.0020181634712411745,-0.0030333670374115274,0.028154327424400494,28420379626.0,27502668074.0,0.00011197497971059924,3.152580242112813e-06,0.0
8074 JT Equity,Yuasa Co Ltd,Industrials,Capital Goods,Other,Other,6440.0,6450.0,6460.0,6430.0,6480.0,6460.0,0.0015527950310558758,0.0015503875968991832,-0.004643962848297267,0.007776049766718529,-0.0030864197530864335,0.0031055900621117516,142103000000.0,142324000000.0,0.0005794611260787936,1.7995687145303863e-06,0.0
8075 JT Equity,Shinsho Corp,Industrials,Capital Goods,Other,Other,3100.0,3090.0,3175.0,3100.0,3150.0,3120.0,-0.003225806451612856,0.027508090614886793,-0.023622047244094446,0.016129032258064502,-0.00952380952380949,0.006451612903225712,82403226600.00002,82403226600.00002,0.0003354983451713134,2.1645054527181193e-06,0.0
8078 JT Equity,Hanwa Co Ltd,Industrials,Capital Goods,Other,Other,1883.0,1875.0,1949.0,1953.0,1958.0,1923.0,-0.004248539564524645,0.03946666666666676,0.0020523345305285545,0.0025601638504864077,-0.017875383043922333,0.021242697822623446,413378229599.9999,398561805599.9999,0.0016227134754853234,3.447081201243381e-05,0.0
8081 JT Equity,Kanaden Corp,Industrials,Capital Goods,AI_Adjacent,Adjacent_Semicap_FA,2598.0,2587.0,2563.0,2481.0,2506.0,2503.0,-0.004234026173979943,-0.009277155005798177,-0.03199375731564569,0.01007658202337769,-0.0011971268954509284,-0.03656658968437254,55822500000.0,58455000000.0,0.0002379949982078629,-8.702665446399902e-06,-8.702665446399902e-06
8093 JT Equity,Kyokuto Boeki Kaisha Ltd,Industrials,Capital Goods,Other,Other,1829.0,1826.0,1817.0,1786.0,1794.0,1803.0,-0.0016402405686167798,-0.004928806133625452,-0.01706108970831044,0.004479283314669624,0.0050167224080268635,-0.014215418261344981,21704786496.0,22227354144.0,9.049694824509134e-05,-1.2864519706792632e-06,-1.2864519706792632e-06
8098 JT Equity,Inabata & Co Ltd,Industrials,Capital Goods,Other,Other,4365.0,4435.0,4560.0,4520.0,4535.0,4465.0,0.016036655211912887,0.028184892897406888,-0.00877192982456143,0.0033185840707965486,-0.015435501653803696,0.02290950744558984,242787854040.0,234462164355.0,0.0009545945151908286,2.186929015328351e-05,0.0
8103 JT Equity,Meiwa Corp,Industrials,Capital Goods,Other,Other,979.0,985.0,982.0,966.0,976.0,973.0,0.006128702757916216,-0.003045685279187804,-0.016293279022403295,0.010351966873705987,-0.0030737704918032405,-0.006128702757916216,38961098400.0,39485419600.0,0.00016076182305942545,-9.852614283519394e-07,-9.852614283519394e-07
8125 JT Equity,Wakita & Co Ltd,Industrials,Capital Goods,Other,Other,1928.0,1931.0,1970.0,1953.0,1974.0,1975.0,0.001556016597510368,0.020196789228378975,-0.00862944162436552,0.010752688172043001,0.0005065856129686797,0.024377593360995764,101597593041.0,100297060616.0,0.0004083517023617969,9.954631748446258e-06,0.0
8158 JT Equity,Soda Nikka Co Ltd,Industrials,Capital Goods,Other,Other,1324.0,1356.0,1367.0,1349.0,1390.0,1404.0,0.024169184290030232,0.008112094395280156,-0.013167520117044584,0.03039288361749448,0.010071942446043147,0.06042296072507547,30983832000.0,30409632000.0,0.00012381045784521033,7.480994431734756e-06,0.0
8285 JT Equity,Mitani Sangyo Co Ltd,Industrials,Capital Goods,Other,Other,793.0,792.0,783.0,778.0,775.0,788.0,-0.0012610340479193294,-0.011363636363636354,-0.0063856960408684715,-0.003856041131105381,0.016774193548387162,-0.006305170239596425,48059005000.0,48985592500.0,0.0001994410401034745,-1.2575097106145845e-06,-1.2575097106145845e-06
9045 JT Equity,Keihan Holdings Co Ltd,Industrials,Capital Goods,Other,Other,3224.0,3200.0,3221.0,3206.0,3209.0,3189.0,-0.007444168734491274,0.006562500000000027,-0.004656938838869862,0.0009357454772302987,-0.006232471174820842,-0.010856079404466534,342453388018.0,344376083272.0,0.0014021005101556836,-1.5221314471293138e-05,-1.5221314471293138e-05
9248 JT Equity,People Dreams & Technologies G,Industrials,Capital Goods,Other,Other,1753.0,1742.0,1748.0,1715.0,1696.0,1712.0,-0.006274957216200749,0.003444316877152742,-0.018878718535469075,-0.011078717201166155,0.009433962264151052,-0.02338847689674839,16148440000.0,16506248000.0,6.720390835991004e-05,-1.5717970580469517e-06,-1.5717970580469517e-06
9274 JT Equity,KPP Group Holdings Co Ltd,Industrials,Capital Goods,Other,Other,1105.0,1107.0,1098.0,1085.0,1105.0,1097.0,0.0018099547511312153,-0.008130081300813052,-0.011839708561020013,0.018433179723502224,-0.007239819004524861,-0.007239819004524861,69705048140.0,70989933820.0,0.00028903000893451726,-2.0925249515621083e-06,-2.0925249515621083e-06
9435 JT Equity,Hikari Tsushin Inc,Industrials,Capital Goods,Other,Other,40740.0,40470.0,40210.0,39240.0,38990.0,38970.0,-0.006627393225331346,-0.00642451198418581,-0.02412335239990049,-0.006371049949031593,-0.0005129520389843822,-0.04344624447717227,1737071728920.0,1803473553420.0,0.0073427026792254055,-0.0003190128557248148,-0.0003190128557248148
9470 JT Equity,Gakken Holdings Co Ltd,Industrials,Capital Goods,Other,Other,1035.0,1043.0,1041.0,1021.0,1020.0,1016.0,0.007729468599033895,-0.0019175455417066445,-0.019212295869356355,-0.0009794319294809117,-0.0039215686274509665,-0.018357487922705307,48598441165.00001,49264825275.00001,0.0002005779146870979,-3.6821066464298146e-06,-3.6821066464298146e-06
9551 JT Equity,METAWATER Co Ltd,Industrials,Capital Goods,Other,Other,3130.0,3125.0,3160.0,3050.0,3065.0,3170.0,-0.0015974440894568342,0.011200000000000099,-0.034810126582278444,0.004918032786885185,0.034257748776509,0.012779552715654896,134988425000.0,138529105000.0,0.0005640105054522599,7.207801986610319e-06,0.0
9621 JT Equity,CTI Engineering Co Ltd,Industrials,Capital Goods,Other,Other,3210.0,3235.0,3195.0,3150.0,3170.0,3165.0,0.007788161993769416,-0.012364760432766575,-0.014084507042253502,0.006349206349206327,-0.001577287066246047,-0.014018691588784993,89202241800.0,90901332120.0,0.0003700977226069926,-5.188285830939129e-06,-5.188285830939129e-06
9632 JT Equity,Subaru Enterprise Co Ltd,Industrials,Capital Goods,Other,Other,3760.0,3765.0,3760.0,3710.0,3680.0,3610.0,0.0013297872340425343,-0.0013280212483399723,-0.013297872340425565,-0.008086253369272267,-0.01902173913043481,-0.039893617021276584,49380100000.0,50045600000.0,0.0002037567784160709,-8.128594883619847e-06,-8.128594883619847e-06
9678 JT Equity,Kanamoto Co Ltd,Industrials,Capital Goods,Other,Other,5530.0,5530.0,5750.0,5550.0,5570.0,5620.0,0.0,0.039783001808318286,-0.034782608695652195,0.003603603603603567,0.008976660682226134,0.016274864376130127,203919437550.0,203184592730.0,0.0008272503084875838,1.3463386575747234e-05,0.0
9699 JT Equity,Nishio Holdings Co Ltd,Industrials,Capital Goods,Other,Other,4665.0,4645.0,4755.0,4710.0,4710.0,4710.0,-0.004287245444801746,0.023681377825618855,-0.009463722397476393,0.0,0.0,0.009646302250803762,133723795440.0,132446179560.0,0.0005392443463693523,5.201713952115886e-06,0.0
9824 JT Equity,Senshu Electric Co Ltd,Industrials,Capital Goods,AI_Adjacent,Adjacent_Grid_Electrical,7180.0,7340.0,7570.0,7240.0,7280.0,7380.0,0.022284122562674202,0.03133514986376018,-0.04359313077939231,0.005524861878453136,0.013736263736263687,0.027855153203342642,130320000000.0,129240000000.0,0.0005261906349907485,1.4657120751831447e-05,0.0
9830 JT Equity,Trusco Nakayama Corp,Industrials,Capital Goods,Other,Other,2427.0,2428.0,2450.0,2417.0,2402.0,2363.0,0.00041203131437983487,0.00906095551894559,-0.013469387755102091,-0.006206040546131608,-0.016236469608659432,-0.026370004120313095,159543134248.0,160203221688.0,0.0006522549903092879,-1.71999667819507e-05,-1.71999667819507e-05
9896 JT Equity,JK Holdings Co Ltd,Industrials,Capital Goods,Other,Other,1432.0,1433.0,1426.0,1436.0,1454.0,1454.0,0.0006983240223463749,-0.00488485694347518,0.007012622720897532,0.012534818941504211,0.0,0.015363128491620026,44573462976.0,44449302912.0,0.00018097188892108796,2.780294382865861e-06,0.0
9902 JT Equity,Nichiden Corp,Industrials,Capital Goods,AI_Adjacent,Adjacent_Semicap_FA,3040.0,3065.0,3100.0,3030.0,3060.0,3070.0,0.008223684210526327,0.011419249592169667,-0.022580645161290325,0.00990099009900991,0.0032679738562091387,0.009868421052631637,90902424000.0,91202432000.0,0.0003713236274124153,3.6643779020962256e-06,0.0
9932 JT Equity,Sugimoto & Co Ltd,Industrials,Capital Goods,Other,Other,1329.0,1349.0,1356.0,1326.0,1328.0,1317.0,0.015048908954100826,0.005189028910304039,-0.02212389380530977,0.0015082956259426794,-0.008283132530120474,-0.009029345372460473,24395978724.0,24451173246.0,9.955105521960338e-05,-8.988808597706829e-07,-8.988808597706829e-07
9934 JT Equity,Inaba Denki Sangyo Co Ltd,Industrials,Capital Goods,Other,Other,3062.0,3085.0,3161.0,3057.0,3080.0,3063.0,0.007511430437622479,0.024635332252836317,-0.0329009807023094,0.0075237160614982646,-0.00551948051948048,0.0003265839320705233,347457397200.0,348025695200.0,0.0014169596220240228,4.627562449457678e-07,0.0
9960 JT Equity,Totech Corp,Industrials,Capital Goods,Other,Other,3855.0,3845.0,3875.0,3915.0,3900.0,3950.0,-0.0025940337224383825,0.007802340702210753,0.010322580645161228,-0.003831417624521105,0.012820512820512775,0.024643320363164634,164289060000.0,161771220000.0,0.0006586389738086356,1.6231051235232207e-05,0.0
9962 JT Equity,MISUMI Group Inc,Industrials,Capital Goods,AI_Adjacent,Adjacent_Semicap_FA,3754.0,3760.0,3778.0,3629.0,3693.0,3670.0,0.0015982951518380695,0.004787234042553212,-0.03943885653785073,0.017635712317442875,-0.006227998916869759,-0.02237613212573253,1035361310013.0,1071024072138.0,0.004360591431512469,-9.757317001786014e-05,-9.757317001786014e-05
9991 JT Equity,Gecoss Corp,Industrials,Capital Goods,Other,Other,1777.0,1763.0,1774.0,1751.0,1761.0,1760.0,-0.007878446820483997,0.00623936471922848,-0.012965050732807182,0.00571102227298681,-0.0005678591709256109,-0.009566685424873378,59176351246.00001,60055040642.00001,0.0002445094395683162,-2.339144891762169e-06,-2.339144891762169e-06
