underlyingAssetId,divisor,quantity,positionType,positionDate
MA4B66MW5E27UAMFCYN,1.0,-0.146277178534,open,2026-09-01
MAR3ANR0E782KTXN,1.0,-0.144809558656,open,2026-09-01
MA4B66MW5E27UANZGKM,1.0,-0.061923664784,open,2026-09-01
MA4B66MW5E27U9XPVB5,1.0,-0.032845003067,open,2026-09-01
MA4B66MW5E27UAL3JNL,1.0,0.031166100558,open,2026-09-01
MA4B66MW5E27UALUKW4,1.0,-0.190028741008,open,2026-09-01
MA4B66MW5E27UAKVA2A,1.0,0.013419351481,open,2026-09-01
MA4B66MW5E27UALG2LY,1.0,0.003306308521,open,2026-09-01
MA4B66MW5E27UAMTWKJ,1.0,0.019832327459,open,2026-09-01
MA4B66MW5E27UALUKMS,1.0,-0.072464143727,open,2026-09-01
MA4B66MW5E27UAL9SJF,1.0,0.012513470292,open,2026-09-01
MAZRAF6MD8PXG705,1.0,0.011084419044,open,2026-09-01
MA4B66MW5E27UANT86W,1.0,0.053607176459,open,2026-09-01
MA03HHTV5HQXCFP0,1.0,-0.093518717437,open,2026-09-01
MA87S6BTV8NC182V,1.0,0.009222943673,open,2026-09-01
MA4B66MW5E27U9YGMB9,1.0,0.024972493021,open,2026-09-01
MA4B66MW5E27UAMFDEQ,1.0,0.039988183915,open,2026-09-01
MAYCS4KWA2F0PMPF,1.0,0.042739758572,open,2026-09-01
MA4B66MW5E27UANZGMS,1.0,0.033955551781,open,2026-09-01
MA4B66MW5E27UAE4LR5,1.0,0.002726323613,open,2026-09-01
MA3W5P3ZECHHWS9G,1.0,-0.179514646242,open,2026-09-01
MA4B66MW5E27UAN273Y,1.0,0.005799059981,open,2026-09-01
MA4B66MW5E27U9YGMS5,1.0,-0.022357292478,open,2026-09-01
MA4B66MW5E27U9XPVPA,1.0,0.004153796672,open,2026-09-01
MA4B66MW5E27UANLY33,1.0,0.078929238616,open,2026-09-01
MARQ07PX06V61NCY,1.0,-0.089033407249,open,2026-09-01
MA4B66MW5E27UAE4LXX,1.0,0.029780449541,open,2026-09-01
MA4B66MW5E27U9ZPD6K,1.0,0.018079747215,open,2026-09-01
MA4B66MW5E27UAE4LKU,1.0,-0.152345539377,open,2026-09-01
MA4B66MW5E27UAF9KQ3,1.0,0.040878283202,open,2026-09-01
MA7TTNBYYB7N4RRQ,1.0,-0.211363646605,open,2026-09-01
MAPYGC47FYWV3TX6,1.0,0.023396670082,open,2026-09-01
MADQYDXSM30NWYS5,1.0,0.003049852609,open,2026-09-01
MA4B66MW5E27UAJ5XCU,1.0,0.137744442817,open,2026-09-01
MA4B66MW5E27U9VBB8T,1.0,0.008091381282,open,2026-09-01
MA4B66MW5E27UAGEHBD,1.0,0.003568288098,open,2026-09-01
MA4B66MW5E27UAFU2BU,1.0,-0.137336240356,open,2026-09-01
MA4B66MW5E27UANEQ8D,1.0,0.007919358548,open,2026-09-01
MA4B66MW5E27UAGEHQE,1.0,-0.732494028127,open,2026-09-01
MA4B66MW5E27UAL9STM,1.0,0.018551626092,open,2026-09-01
MA4B66MW5E27UAGEJ8B,1.0,-0.093020716086,open,2026-09-01
MA4B66MW5E27UANZGKV,1.0,-0.043032593635,open,2026-09-01
MA4B66MW5E27UAHKGBL,1.0,-0.049978228384,open,2026-09-01
MA4B66MW5E27UAKHZ7Q,1.0,0.011398478898,open,2026-09-01
MA4B66MW5E27UAMTVXR,1.0,0.005373737715,open,2026-09-01
MA4B66MW5E27UACX6NQ,1.0,0.007694466441,open,2026-09-01
MA4B66MW5E27U9YGM9V,1.0,0.008549056447,open,2026-09-01
MA0YAYRD3SDTMZKN,1.0,0.02720878857,open,2026-09-01
MA4B66MW5E27UALNB5V,1.0,0.038182734298,open,2026-09-01
MA4B66MW5E27U9VBBKA,1.0,-0.050565276335,open,2026-09-01
MA4B66MW5E27UAL9SUX,1.0,0.014590368628,open,2026-09-01
MA4B66MW5E27UA447FY,1.0,-0.185447788176,open,2026-09-01
MAZ7RWC904JYHYPS,1.0,313.428204108125,open,2026-09-01
MA16WQFWT4T9V23C,1.0,-0.236830974016,open,2026-09-01
MA4B66MW5E27UAFU24E,1.0,0.016312174163,open,2026-09-01
MA4B66MW5E27UAN26SA,1.0,-0.110213305802,open,2026-09-01
MA4B66MW5E27UAF9KMD,1.0,-0.088446359297,open,2026-09-01
MA6S2BKMM3GYVXNE,1.0,-0.086444459823,open,2026-09-01
MAHSFN6CCGQTYAM0,1.0,0.007170507286,open,2026-09-01
MA4B66MW5E27UAGEHXZ,1.0,-0.127320146941,open,2026-09-01
MA4B66MW5E27UAF9KY5,1.0,0.009081695648,open,2026-09-01
MAV52J44JQ16ZJYT,1.0,-0.246230337279,open,2026-09-01
MAQRQ51BDJTDRVRM,1.0,0.032740345308,open,2026-09-01
MAKVF7CYPJ7HCH6V,1.0,0.007295973409,open,2026-09-01
MA4B66MW5E27U9VBB8S,1.0,0.022407144811,open,2026-09-01
MA4B66MW5E27UAGYZ4D,1.0,0.01790772448,open,2026-09-01
MAHKEKBAQ7HQV0XM,1.0,0.024312809507,open,2026-09-01
MA4B66MW5E27UAN8FJL,1.0,-0.212880736816,open,2026-09-01
MA4B66MW5E27UANZH7N,1.0,-0.073677815896,open,2026-09-01
MA4B66MW5E27UAM94LK,1.0,0.006083134221,open,2026-09-01
MAZNGA913V70VVYY,1.0,-0.122257682868,open,2026-09-01
MA4B66MW5E27UACX6DU,1.0,0.005974239096,open,2026-09-01
MA4B66MW5E27UAEP445,1.0,-0.078720491836,open,2026-09-01
MA4B66MW5E27UAMTWFS,1.0,0.004862404082,open,2026-09-01
MA4B66MW5E27UAJ5XL5,1.0,-0.038646224112,open,2026-09-01
MA4B66MW5E27UALUKML,1.0,-0.040944945584,open,2026-09-01
MAX9DVYB1M9AD107,1.0,-0.555842065153,open,2026-09-01
MA4B66MW5E27UAKNZFS,1.0,0.018969846502,open,2026-09-01
MA4B66MW5E27UAN26TR,1.0,0.017775945597,open,2026-09-01
MA4B66MW5E27UALG36F,1.0,0.038537038003,open,2026-09-01
MA4B66MW5E27UAL9T4D,1.0,0.009569356428,open,2026-09-01
MA4B66MW5E27UAJ5XKZ,1.0,0.00610601798,open,2026-09-01
MA4B66MW5E27UA4ZD7D,1.0,0.004618573693,open,2026-09-01
MA4B66MW5E27UA447Z7,1.0,0.009563043667,open,2026-09-01
MAAW2NZ9SFTB6D3N,1.0,0.007994322583,open,2026-09-01
MAN30N7N02GG9QAX,1.0,-0.062391983936,open,2026-09-01
MA4B66MW5E27UAMMMDW,1.0,0.005589949776,open,2026-09-01
MA4B66MW5E27UAKNZHN,1.0,0.077253200597,open,2026-09-01
MARHMKPJGQ5TPYMD,1.0,0.025180814131,open,2026-09-01
MA9FSH2Z0JWGYAGF,1.0,0.018091583641,open,2026-09-01
MA4B66MW5E27UAJQF95,1.0,-0.04961214792,open,2026-09-01
MAFQBB49S70N3KNE,1.0,-0.144924989433,open,2026-09-01
MA4B66MW5E27U9YGMGY,1.0,0.023782537592,open,2026-09-01
MA4B66MW5E27UALNAVR,1.0,0.024863597896,open,2026-09-01
MA6NKNG7AS611C80,1.0,0.062345615734,open,2026-09-01
MA4B66MW5E27U9YGMQF,1.0,0.025643223867,open,2026-09-01
MA4B66MW5E27UAEP3WH,1.0,0.019330462968,open,2026-09-01
MA4B66MW5E27UAF9KC6,1.0,0.003927326374,open,2026-09-01
MA4B66MW5E27UAFU2Y7,1.0,0.002191317127,open,2026-09-01
MA4B66MW5E27UAJ5XEB,1.0,-0.098848321309,open,2026-09-01
MAHQFMTPMZYG5ADB,1.0,0.024087128305,open,2026-09-01
MA4B66MW5E27U9ZPCRH,1.0,0.002431202041,open,2026-09-01
MACW7J7TPAA0AV86,1.0,-0.388414670265,open,2026-09-01
MA4B66MW5E27UALG2XD,1.0,0.019266546264,open,2026-09-01
MAPNWQZT438KRR5J,1.0,-0.218038843533,open,2026-09-01
MA4B66MW5E27UAGYYV5,1.0,0.014484629883,open,2026-09-01
MA4B66MW5E27UAL9T3A,1.0,0.008768424889,open,2026-09-01
MAB6B37VX6976CBS,1.0,0.192017615551,open,2026-09-01
MA1H6SMB09ENEMJF,1.0,0.029826217058,open,2026-09-01
MA4B66MW5E27UAKVAEJ,1.0,-0.044912466288,open,2026-09-01
MA4B66MW5E27U9ZPDCZ,1.0,0.041343849318,open,2026-09-01
MAZGDKF6WMWDQKWH,1.0,0.053061911737,open,2026-09-01
MA4B66MW5E27U9YGMUZ,1.0,0.05992782831,open,2026-09-01
MAN1841Q069XPSK8,1.0,0.020545669441,open,2026-09-01
MA4B66MW5E27UADJ5VJ,1.0,0.027512590188,open,2026-09-01
MA4B66MW5E27UALUKW2,1.0,0.02331144781,open,2026-09-01
MA4B66MW5E27UAL9T47,1.0,0.009297118614,open,2026-09-01
MA4B66MW5E27UA4ZDF8,1.0,0.019598755306,open,2026-09-01
MA4B66MW5E27UAEP3ZN,1.0,0.320154036279,open,2026-09-01
MA4B66MW5E27U9XPVXZ,1.0,0.012563183284,open,2026-09-01
MA4B66MW5E27UANT8U4,1.0,0.008526172689,open,2026-09-01
MAT5J3EE24QJ7HHS,1.0,0.005283780872,open,2026-09-01
MA4B66MW5E27UALNB6Z,1.0,0.0242978167,open,2026-09-01
MA4B66MW5E27UANEQ6V,1.0,0.019980677341,open,2026-09-01
MA4B66MW5E27UA39J75,1.0,0.01028743298,open,2026-09-01
MA4B66MW5E27UAF9KPQ,1.0,0.003479909446,open,2026-09-01
MA4B66MW5E27UAKV9QN,1.0,0.003596695522,open,2026-09-01
MAC3WD4GQ1BBJSP4,1.0,0.016626234018,open,2026-09-01
MA113C0S76ZGPRG3,1.0,-0.226706045869,open,2026-09-01
MA4B66MW5E27UALUK7V,1.0,0.03433668472,open,2026-09-01
MA4B66MW5E27UANT8VC,1.0,0.016144096904,open,2026-09-01
MATVHYNNR4J4J47T,1.0,0.013757084189,open,2026-09-01
MADM5D7P6W2N610W,1.0,0.013019280259,open,2026-09-01
MA4B66MW5E27UANT83N,1.0,-0.036258456041,open,2026-09-01
MA4B66MW5E27UALUKSN,1.0,-0.039645524838,open,2026-09-01
MAQSD02SBVPS0M32,1.0,-0.632405650472,open,2026-09-01
MANF1Y9B30TKMBP3,1.0,-0.068199801026,open,2026-09-01
MA4B66MW5E27UALNBNP,1.0,-0.102858716301,open,2026-09-01
MA4B66MW5E27UAGYYTK,1.0,-0.085263767877,open,2026-09-01
MA4B66MW5E27UAFU2ZD,1.0,0.035966166127,open,2026-09-01
MA4B66MW5E27U9YGMJD,1.0,0.014236854018,open,2026-09-01
